category,subtype,brand,place_of_origin,name,size,size_ml,price_usd,price_per_100ml,availability,flags,tagline,sku,product_id,url,image,description
Olive Oil,"EVOO – 단일 산지/품종·DOP/IGP (Estate, Single-Cultivar, DOP/IGP)",I Tattoli,Italy,"I Tattoli Chianti Classico DOP EVOO, 500ml",500ml,500,54.99,11.0,In Stock,,"Limited Edition! When it's gone, it's gone!",793232428000,76532,https://delaurenti.com/i-tattoli-chianti-classico-dop-evoo-500ml-793232428000-76532/,https://cdn.powered-by-nitrosell.com/product_images/26/6472/thumb-I%20Tattoli%20EVOO.jpg,"Crafted under the strict regulations of Chianti Classico D.O.P., I Tattoli’s estate-grown extra virgin olive oil comes from olive groves that the Bini Smaghi family has tended since 1428. I Tattoli—the family’s historic estate in the heart of the iconic Chianti Classico region—is where Cristina Bini Smaghi took up and improved a centuries-old tradition, reinvigorating olive oil production with innovation, sustainability, and a fiercely uncompromising commitment to quality.

The 2024 edition of this oil is a medium-intensity blend of Leccio del Corno, Frantoio, Moraiolo, and Pendolino olives. Opening with the vibrant aroma of misticanza (mixed wild chicories and fresh herbs), this well-balanced oil reveals layers of complex flavor on the palate—green almond, crisp green apple, thistle, and pine nut. I Tattoli’s aroma and flavor will enhance any dish with sparkling green notes."
Olive Oil,올리오 누오보/새 수확 (Olio Nuovo / New Harvest),Poggio di Noce,Italy,"Poggio la Noce 2025 EVOO, 500ml",500ml,500,48.99,9.8,In Stock,,New Harvest 2025! This was an olive a few short weeks ago!,897781002015,75643,https://delaurenti.com/poggio-la-noce-2025-evoo-500ml-897781002015-75643/,https://cdn.powered-by-nitrosell.com/product_images/26/6472/thumb-Poggio%20EVOO%20Updated.jpg,"It's here... the 2025 Harvest!! We look forward to this oil coming out every fall - it is truly an amazing representation of true Tuscan olive oil. With hints of freshly cut grass, almonds & artichokes, it's not just one of our favorite oils, it happens to be produced by a couple of our favorite people - husband and wife team, Enzo Schiano and Claire Beliard. The olives from their 1,500 tree grove are hand-picked and pressed on the estate the same day. This helps to preserve all the intense flavor and fragrance of the olives and ensures the lowest grade of acidity possible. This oil was in it's olive state just a few short weeks ago, and in a few more short weeks, it will be gone...get it while you can, when it's gone, it's gone!"
Olive Oil,세트/기프트 (Sets & Gift Packs),DeLaurenti,,The DeLaurenti Grocery Top 20 - ALL 20!,,,375.0,,In Stock,,20 Hand-picked grocery favorites by Nate & Matt - DeLaurenti Owners - SHIPS ANYWHERE!,111100001111,77167,https://delaurenti.com/the-delaurenti-grocery-top-20-all-20-111100001111-77167/,https://cdn.powered-by-nitrosell.com/product_images/26/6472/thumb-Top%2020%20Cropped.jpg,"There are 2 guarentees with making a list of our Top 20 grocery products when we have 5000. 1st, the 20 that are on the list will be really, really good. 2nd, there we be thousands of other great products left off the list.

This list was compiled by owners Nate & Matt - 10 each. The criteria: you have to love it and you have to choose in 15 minutes. The list checks all the boxes - savory, salty, sweet, crunchy & spicy. Here's what you get:

Ayoh Giardiniera, Villa Manodori Balsamic, Confectionally Yours Toffee, Lunardi Lemon Cantucci, Spinaker 70% Madagascar Sea Salt, Danieli Traditional Tarallini, Bachan’s Gluten Free Japanese BBQ Sauce, Nunez de Prado EVOO, Scalia Anchovies, Maldon Salt, Bret’s Chips (asst flavors), Uncle Jerry’s Extra Dark Pretzels, Mitika OnionToketti, Suhey Peppers, Stuzzi Hot Sauce, Graham’s Horseradish Sauce, Monte’s Tomato Sauce, Drifter’s Fish Smoked Salmon, Oro Liquido Marcona Almond Butter & Tirrena Spaghetti."
Olive Oil,"EVOO – 단일 산지/품종·DOP/IGP (Estate, Single-Cultivar, DOP/IGP)",Museum,Italy,"Museum DOP Garda Orientale EVOO, 500ml",500ml,500,54.99,11.0,In Stock,,,8007722000273,76552,https://delaurenti.com/museum-dop-garda-orientale-evoo-500ml-8007722000273-76552/,https://cdn.powered-by-nitrosell.com/product_images/26/6472/thumb-Garda%20Museum%20DOP.jpg,"Discover the exquisite taste of Flavio Turri's DOP Extra Virgin Olive Oil, a true gem from the enchanting region surrounding Lake Garda. As a third-generation producer, Flavio carries on a family legacy that began in the 1900s, crafting olive oil with passion and expertise. His family's journey from a Venetian villa to the picturesque village of Cisano di Bardolino has enriched their offerings, showcasing the unique DOPs of the area. At their tasting facility, both locals and tourists can immerse themselves in the rich culture and traditions of quality extra virgin olive oil, making every visit a delightful experience.

This beautifully balanced Garda DOP olive oil, primarily made from the renowned Casaliva olives, captures the essence of northern Italy's culinary renaissance. Perfect for drizzling over salads, enhancing fish dishes, or elevating vegetables, each drop evokes memories of sun-kissed days by the lake, surrounded by the region's traditional foods and wines. Indulge in this liquid gold and let it transport you to the shores of the Lago di Garda!"
Olive Oil,EVOO – 일반 (Extra Virgin Olive Oil),,Italy,"Decimi ""No. 51"" Limited Edition Umbria Moraiolo EVOO, 500ml",500ml,500,60.99,12.2,In Stock,,Slow Food Presidio,8027207001595,70798,https://delaurenti.com/decimi-no-51-limited-edition-umbria-moraiolo-evoo-500ml-8027207001595-70798/,https://cdn.powered-by-nitrosell.com/product_images/26/6472/thumb-Decimi%20No.%2051%20Copy.jpg,"From the region of Umbria in central Italy, this vibrant green extra virgin olive oil is made with 80% Moraiolo & 20% ancient Umbrian varietals. It has elegant aromas of fresh vegetables, and cut grass. Very balanced on the palate it has a lasting finish of almonds and green peppercorn.

If that wasn't enough, it also has the distinction of being a Slow Food Presidio oil. This means that Decimi is a small-scale food producer that protects traditional and artisanal products that are at risk of disappearing. Presidia producers follow the principles of agroecology, respecting the soil, water, animal welfare, and biodiversity. They use time-honored methods and avoid the use of pesticides, antibiotics, preservatives, artificial additives, and dyes. Choosing this oil helps support this producer's commitment to these important, time honored practices!"
Olive Oil,"EVOO – 단일 산지/품종·DOP/IGP (Estate, Single-Cultivar, DOP/IGP)",Nativ,Italy,"Nativ Piume Campania 100% Ravece EVOO, 500ml",500ml,500,53.99,10.8,In Stock,,,8000255390170,76221,https://delaurenti.com/nativ-piume-campania-100-ravece-evoo-500ml-8000255390170-76221/,https://cdn.powered-by-nitrosell.com/product_images/26/6472/thumb-Nativ%20Ravece.jpg,"Roberta Pirone and Mario Ercolino, a renowned enologist, founded Nativ winery in 2008 with an emphasis on the terroir of the area. Their vineyards and olive groves are located in Paternopoli, in the province of Avellino, central Campania. Their olive oil is made with indigenous olive varieties Olivella di Carife and Ravece, typical to Campania. This 100% Ravece oil is bright yellow green in color with aromas of green tomato, artichoke & thistle."
Olive Oil,EVOO – 일반 (Extra Virgin Olive Oil),Nativ,Italy,"Nativ Piume Campania Blend EVOO, 500ml",500ml,500,49.99,10.0,In Stock,,,8002553901706,76222,https://delaurenti.com/nativ-piume-campania-blend-evoo-500ml-8002553901706-76222/,https://cdn.powered-by-nitrosell.com/product_images/26/6472/thumb-Nativ%20Gold.jpg,"Roberta Pirone and Mario Ercolino, a renowned enologist, founded Nativ winery in 2008 with an emphasis on the terroir of the area. Their vineyards and olive groves are located in Paternopoli, in the province of Avellino, central Campania. Their olive oil is made with indigenous olive varieties typical to Campania. This oil is a blend of three such varieties: Ogliarola, Peranzana & Ravece. It is deep yellow with a hint of green in color with an intensely fruity aroma, complimented by a delicate balance of bitterness and subtle spice."
Olive Oil,EVOO – 일반 (Extra Virgin Olive Oil),Accademia Olearia,Italy,Accademia Olearia Giuseppe Fois Gran Riserva Sardinian EVOO,,,48.99,,In Stock,,,8028632302011,62544,https://delaurenti.com/accademia-olearia-giuseppe-fois-gran-riserva-sardinian-evoo-8028632302011-62544/,https://cdn.powered-by-nitrosell.com/product_images/26/6472/thumb-Accademia%20Olearia%20Gran%20Riserva%20EVOO.jpg,"Like many others on our shelves, this lovely olive oil is brought to us by the folks at Ritrovo Imports, the source of the some of the finest food that DeLaurenti is proud to sell. Boldly aromatic and green, this Sardinian Olive Oil is pressed from 100% Bosana olives immediately after harvest with a top-of-the-line cold extraction system. Jewel green in color, it is clean on the palate with green tomato and apple notes with a spicy, bitter finish. Perfect for your best salad dressing & finishing pasta & grilled meats."
Olive Oil,EVOO – 일반 (Extra Virgin Olive Oil),DeLaurenti,Italy,"DeLaurenti Lazio Riserva EVOO, 500ml",500ml,500,24.99,5.0,Out of Stock,,,8032597141202,46661,https://delaurenti.com/delaurenti-lazio-riserva-evoo-500ml-8032597141202-46661/,https://cdn.powered-by-nitrosell.com/product_images/26/6472/thumb-EVOO_DeLaurentiLazio_01.jpg,"This house olive oil is from the Colli Etruschi, a farm cooperative located near the Etruscan town of Blera in the province of Lazio. Made from late-harvest Caninese olives, it is silky and bold with a peppery finish. With aromas of fresh cut grass and lime, it is perfect for cooking, salad dressings or finishing grilled vegetables."
Olive Oil,EVOO – 일반 (Extra Virgin Olive Oil),DeLaurenti,Italy,"DeLaurenti Puglia Riserva EVOO, 500ml",500ml,500,29.99,6.0,In Stock,,,8033344771109,55353,https://delaurenti.com/delaurenti-puglia-riserva-evoo-500ml-8033344771109-55353/,https://cdn.powered-by-nitrosell.com/product_images/26/6472/thumb-Leferre_OliveOil_04.jpg,"From the heel of the boot, our Puglia Riserva is a versatile, rich and superbly blended olive oil made from hand-harvested Coratina, Frantoio, Leccino and Ogliarola olives. Full flavored and fruity with a hint of pepper on the finish, this oil's beautiful ceramic tile label also makes it a memorable gift."
Olive Oil,"EVOO – 단일 산지/품종·DOP/IGP (Estate, Single-Cultivar, DOP/IGP)",Colli Estruschi,Italy,"Colli Etruschi Roma IGP EVOO, 500ml",500ml,500,38.99,7.8,In Stock,,,8032597145101,76768,https://delaurenti.com/colli-etruschi-roma-igp-evoo-500ml-8032597145101-76768/,https://cdn.powered-by-nitrosell.com/product_images/26/6472/thumb-Colli%20Etruschi%20Roma%20IGP.jpg,"Colli Etruschi is a farm cooperative located near the Etruscan town of Blera. Under the strict supervision of agronomist Nicola Fazzi, their facility uses state-of-the-equipment to produce the highest quality extra virgin olive oils. This oil is harvested from 50-year-old olive trees with 8 hours of picking to pressing process. A combination of caninese, leccino and frantoio olives, it is a vibrant green color and fruity with aromas of green fruit, leaves, cardoon, and artichoke. On the palate, this oil has hints of aromatic herbs, and a warm spicey finish."
Olive Oil,EVOO – 일반 (Extra Virgin Olive Oil),Olive Truck,Italy,"Olive Truck Tuscan EVOO, 500ml",500ml,500,39.99,8.0,Out of Stock,,,860439001746,75534,https://delaurenti.com/olive-truck-tuscan-evoo-500ml-860439001746-75534/,https://cdn.powered-by-nitrosell.com/product_images/26/6472/thumb-Olive%20Truck%20EVOO.jpg,"Some of the world's best olives for making oil are grown in the most remote regions. If you can't bring the olives to the mill, then bring the mill to the olives! Olive Truck founder Sam & his state-of-the-art mobile mill truck follows the harvest, pressing olives within hours of picking - ensuring the preservation of their delicate aromas, flavors, and healthful compounds. The result: oils with remarkably low acidity, soaring polyphenol content, and most importantly, bold and complex flavor profiles that speak for themselves.

His Tuscan Blend features Frantoio, Leccino & Pendolino olives grown in Petaluma, Sonoma County, California. This award winning oil is medium intensity with notes of green apple, artichoke & eucalyptus."
Olive Oil,EVOO – 일반 (Extra Virgin Olive Oil),Tenuta Ilario,Italy,"Tenuta Sant' Ilario Pietra EVOO, 50ml",50ml,50,34.99,69.98,Out of Stock,,,805673650719,74554,https://delaurenti.com/tenuta-sant-ilario-pietra-evoo-50ml-805673650719-74554/,https://cdn.powered-by-nitrosell.com/product_images/26/6472/thumb-Tenuta%20Ilario%20Pietra.jpg,"The Tenuta Sant'Ilario Estate in Abruzzo produces amazing olive oil. This bold and flavorful olive oil from the province of Teramo in Abruzzo. is harvested from olives grown 1,200 meters above sea level. This oil boasts a unique blend of 60% Rustichella dell'Aquila, 30% Leccino, and 10% Gentile dell'Aquila."
Olive Oil,EVOO – 일반 (Extra Virgin Olive Oil),Tenuta Ilario,Italy,"Tenuta Sant'Ilario Argilla EVOO, 500ml",500ml,500,34.99,7.0,In Stock,,,805673650717,74473,https://delaurenti.com/tenuta-santilario-argilla-evoo-500ml-805673650717-74473/,https://cdn.powered-by-nitrosell.com/product_images/26/6472/thumb-Tenuta%20Sant%27Ilario%20Argilla.jpg,"The Tenuta Sant'Ilario Estate in Abruzzo produces amazing olive oil. This one, harvested in the hilly zone of Atri, above the sea town of Pineto, is made with 30% Dritto, 30% Leccino del Corno, 30% Frantoio & 10% Tortiglione olives. It has a feint, pleasant bitterness with tons of fruit."
Olive Oil,세트/기프트 (Sets & Gift Packs),Tenuta Ilario,Italy,"Tenuta Sant'ilario Pineto Arte in Cucina, 6 X 20ml Tubes",6 x 20ml,120,45.99,38.33,Out of Stock,NEW,Extra Virgin Olive Oil Tasting Set from Italy's Abruzzo Region,8056736506332,77357,https://delaurenti.com/tenuta-santilario-pineto-arte-in-cucina-6-x-20ml-tubes-8056736506332-77357/,https://cdn.powered-by-nitrosell.com/product_images/26/6472/thumb-Arte%20In%20Cucina%20Olive%20Oil.jpg,"This Olive Oil tasting set from Tenuta Sant'Ilario in Abruzzo is the perfect gift for the person who loves olive oil. A fun way to taste 6 different Olive Varietals and decide which one is your fav. Argilla, Terra, Sabbia, Tortiglione, Intosso and Dritta, in acrylic style paint tubes!"
Olive Oil,EVOO – 일반 (Extra Virgin Olive Oil),Tenuta Ilario,Italy,"Tenuta Sant'Ilario Sabbia EVOO, 500ml",500ml,500,34.99,7.0,In Stock,,,8056736507162,74472,https://delaurenti.com/tenuta-santilario-sabbia-evoo-500ml-8056736507162-74472/,https://cdn.powered-by-nitrosell.com/product_images/26/6472/thumb-Sant%20Ilario%20Sabbia.jpg,"The Tenuta Sant'Ilario Estate in Abruzzo produces amazing olive oil. This one, harvested near the seaside in the province of Teramo is made with 40% Leccino, 30% Frantoio, 20% Cucco & 10% olives. This oil has bitter tones, with a slight spiciness."
Olive Oil,EVOO – 일반 (Extra Virgin Olive Oil),Tenuta Ilario,Italy,"Tenuta Sant'Ilario Terra EVOO, 500ml",500ml,500,34.99,7.0,In Stock,,,805673650718,74474,https://delaurenti.com/tenuta-santilario-terra-evoo-500ml-805673650718-74474/,https://cdn.powered-by-nitrosell.com/product_images/26/6472/thumb-Sant%20Illario%20Terra.jpg,"The Tenuta Sant'Ilario Estate in Abruzzo produces amazing olive oil. This award winning oil is made from olives cultivated at the foot of the Abruzzo mountains, 900 meters above sea level. Balanced with light bitter and spicy notes, it is made with 40% Intosso, 30% Dritta, 20% Tortiglione & 10% Cucco olives."
Olive Oil,EVOO – 일반 (Extra Virgin Olive Oil),Erik Banti,Italy,"Erik Banti Olive Oil, 1L",1L,1000,68.99,6.9,In Stock,,,816328111218,76120,https://delaurenti.com/erik-banti-olive-oil-1l-816328111218-76120/,https://cdn.powered-by-nitrosell.com/product_images/26/6472/thumb-Erik%20Banti%20EVOO.jpg,"Erik Banti is as good at making olive oil as he is at making wine. This oil comes from the same vineyards in the heart of the Morellino di Scansano DOCG and Maremma Toscana DOC appelations. Made with mostly frantoio and leccino varieties with some moraiolo and caninese, all the olives are picked by hand and cold pressed within hours of separation from the trees. Low in acidity, it has a leaf-like color with an intense aroma and piquant flavor with hints of raw artichokes. Perfect for drizzling on grilled meats, vegetables and foccaccia!"
Olive Oil,EVOO – 일반 (Extra Virgin Olive Oil),Fresobaldi Laudemio,Italy,"Frescobaldi Laudemio EVOO, 500ml",500ml,500,53.99,10.8,In Stock,,,793232403144,65727,https://delaurenti.com/frescobaldi-laudemio-evoo-500ml-793232403144-65727/,https://cdn.powered-by-nitrosell.com/product_images/26/6472/thumb-Frescobaldi_Laudemio_OliveOil_500ML_01.jpg,"In medieval times the term laudemio indicated the part of the harvest reserved for the feudal lord. As the best part of the harvest, these oils were only offered to noblemen. Today Laudemio is the name of the consortium that was created in 1986 to attain the highest quality oil with standards of production that exceed normal regulations. The result of all of this is an amazing olive oil. A Tuscan estate oil, it is made with olives harvested by hand and pressed the same day at the property's own mill. Intense and brilliant green in color, it has aromas of fresh cut grass and artichoke, with a classic peppery finish. Here's what you do: grill a bone-in rib eye steak. Let it rest, slice it and fan over a bed of arugula. Sprinkle with sea salt, a squeeze of lemon and a drizzle of Laudemio Frescobaldi. Enjoy with a Tuscan red."
Olive Oil,EVOO – 일반 (Extra Virgin Olive Oil),Madonna Dell'Olivo,Italy,"Madonna Dell'Olivo Itran's, 500ml",500ml,500,51.99,10.4,Out of Stock,,,8033976645069,48986,https://delaurenti.com/madonna-dellolivo-itrans-500ml-8033976645069-48986/,https://cdn.powered-by-nitrosell.com/product_images/26/6472/thumb-Madonna%20Itran%27s.jpg,"The limited edition, mono-varietal EVOO is made with 100% Itran olives in Italy's Campania region. It is golden green in color with an elegant, grassy aroma. More peppery than bitter in flavor, it has a light, citrus finish. With incredibly low acidity and high antioxident levels it is an elegant and versatile oil, best for unripened cheeses, summer vegetables and salads."
Olive Oil,EVOO – 일반 (Extra Virgin Olive Oil),Madonna Dell'Olivo,Italy,"Madonna Dell'Olivo Raro, 500ml",500ml,500,51.99,10.4,In Stock,,,8033976645045,43003,https://delaurenti.com/madonna-dellolivo-raro-500ml-8033976645045-43003/,https://cdn.powered-by-nitrosell.com/product_images/26/6472/thumb-Madonna%20Raro.jpg,"This limited production olive oil from Italy's Campania region is made from Ravece and Rotondella olives. It has a light pea-vine color with full flavor and a big peppery finish. Low in acidity, it's subtle bitterness will bring out the true flavors of your bean dishes, steak, soups and bitter greens."
Olive Oil,EVOO – 일반 (Extra Virgin Olive Oil),Madonna Dell'Olivo,Italy,"Madonna Dell'Olivo Rotondella EVOO, 250ml",250ml,250,33.99,13.6,In Stock,,,803397664251,74265,https://delaurenti.com/madonna-dellolivo-rotondella-evoo-250ml-803397664251-74265/,https://cdn.powered-by-nitrosell.com/product_images/26/6472/thumb-Madonna%20Rotondella%20Small.jpg,"This limited production olive oil from Italy's Campania region is made with 100% Rotondella olives. It is robust, intense, and fruity. It has aromas of green almond, raw artichoke, chicory, and a slight hint of wasabi with a nice long finish. It will add character to steaks, soups, grilled veggies, bruschetta, risotto, or pasta."
Olive Oil,EVOO – 일반 (Extra Virgin Olive Oil),Nicolas Alziari,France,"Nicolas Alziari Cuvee Prestige EVOO, 1L",1L,1000,77.99,7.8,In Stock,,,3760171280003,73265,https://delaurenti.com/nicolas-alziari-cuvee-prestige-evoo-1l-3760171280003-73265/,https://cdn.powered-by-nitrosell.com/product_images/26/6472/thumb-Alziari%201L.jpg,"An exceptional house born in 1868, Nicolas Alziari produces great vintages of olive oils, oils from Nice PDO and oils grown in organic farming. Their Cuvee Prestige oil has a uniquely fruity flavor profile with a distinctively sweet aroma. Hints of mango, artichokes & hazelnuts make it ideal for raw vegetables, fish and poultry."
Olive Oil,EVOO – 일반 (Extra Virgin Olive Oil),Nicolas Alziari,France,"Nicolas Alziari Cuvee Prestige EVOO, 250ml",250ml,250,25.99,10.4,In Stock,,,3760171283844,73263,https://delaurenti.com/nicolas-alziari-cuvee-prestige-evoo-250ml-3760171283844-73263/,https://cdn.powered-by-nitrosell.com/product_images/26/6472/thumb-Alziari%20250ml.jpg,"An exceptional house born in 1868, Nicolas Alziari produces great vintages of olive oils, oils from Nice PDO and oils grown in organic farming. Their Cuvee Prestige oil has a uniquely fruity flavor profile with a distinctively sweet aroma. Hints of mango, artichokes & hazelnuts make it ideal for raw vegetables, fish and poultry."
Olive Oil,EVOO – 일반 (Extra Virgin Olive Oil),Nicolas Alziari,France,"Nicolas Alziari Cuvee Prestige EVOO, 500ml",500ml,500,43.99,8.8,In Stock,,,3760171280010,44306,https://delaurenti.com/nicolas-alziari-cuvee-prestige-evoo-500ml-3760171280010-44306/,https://cdn.powered-by-nitrosell.com/product_images/26/6472/thumb-Alziari%20500ml.jpg,"An exceptional house born in 1868, Nicolas Alziari produces great vintages of olive oils, oils from Nice PDO and oils grown in organic farming. Their Cuvee Prestige oil has a uniquely fruity flavor profile with a distinctively sweet aroma. Hints of mango, artichokes & hazelnuts make it ideal for raw vegetables, fish and poultry."
Olive Oil,EVOO – 일반 (Extra Virgin Olive Oil),Esplendido Duoro,Portugal,"Azeite Esplendido, Portuguese, EVOO",,,42.99,,In Stock,,,687965799981,56183,https://delaurenti.com/azeite-esplendido-portuguese-evoo-687965799981-56183/,https://cdn.powered-by-nitrosell.com/product_images/26/6472/thumb-Esplendido%20EVOO.jpg,"Among the best olive oils Portugal has to offer, Azeite Esplêndido is well-balanced with a maximum acidity of just 0.2% and polyphenol rich. It is prized for its golden-green hue, vibrant aroma, and complex flavor profile featuring fruity, grassy notes, a bold spiciness, and a smooth, peppery finish. Perfect for vinaigrettes, dipping crusty bread, or drizzling over grilled meats, bean dishes, and crisp-tender vegetables."
Olive Oil,EVOO – 일반 (Extra Virgin Olive Oil),Iliada,Greece,"Iliada EVOO, 3L",3L,3000,99.99,3.33,In Stock,,,027158001178,44126,https://delaurenti.com/iliada-evoo-3l-027158001178-44126/,https://cdn.powered-by-nitrosell.com/product_images/26/6472/thumb-EVOO_Illiada_3LT_02.jpg,"Made with Koroneiki olives grown in the Kalamata region of the Peloponnese, this is your workhorse Greek olive oil. Fragrant, fruity, but mild - it's versatility makes it perfect for everything from sauteing to dipping. Don't tell us 3L is too much. Just convert your favorite empty wine bottle into your next olive oil dispenser with a quick rinse and a pouring spout. Keep the tin in the cupboard away from light and heat, and have the bottle at the ready on your kitchen counter. Use liberally and refill!"
Olive Oil,EVOO – 일반 (Extra Virgin Olive Oil),Iliada,Greece,"Iliada Organic EVOO, 500ml",500ml,500,28.99,5.8,In Stock,,,027158001987,57419,https://delaurenti.com/iliada-organic-evoo-500ml-027158001987-57419/,https://cdn.powered-by-nitrosell.com/product_images/26/6472/thumb-Iliada%20Organic.jpg,"Made with Koroneiki olives grown in the Kalamata region of the Peloponnese, this is your workhorse orgainic Greek olive oil. Fragrant, fruity, but mild - it's versatility makes it perfect for everything from sauteing to dipping! Once size can fit all!"
Olive Oil,"EVOO – 단일 산지/품종·DOP/IGP (Estate, Single-Cultivar, DOP/IGP)",Iliada,Greece,"Iliada Single Estate EVOO, 750ml",750ml,750,42.99,5.73,Out of Stock,,,5201043100749,61732,https://delaurenti.com/iliada-single-estate-evoo-750ml-5201043100749-61732/,https://cdn.powered-by-nitrosell.com/product_images/26/6472/thumb-Illiada%20Single%20Estate%20EVOO.jpg,"Iliada Single Estate is a limited production Extra Virgin Olive Oil originating from a single olive farm. Single Estate olive oil is considered among the very best olive oils due to the unique characteristics influenced by natural factors such as the local soil, altitude, microclimate and olive fruit variety. Deep golden green in color, it has an aroma of freshly cut grass with distinct notes of herbs, artichoke and red apple and a peppery finish."
Olive Oil,EVOO – 일반 (Extra Virgin Olive Oil),Merlino,Italy,"Merlino Tonda Iblea EVOO, 750ml",750ml,750,44.99,6.0,In Stock,,,8030853011023,73191,https://delaurenti.com/merlino-tonda-iblea-evoo-750ml-8030853011023-73191/,https://cdn.powered-by-nitrosell.com/product_images/26/6472/thumb-Merlino%20Tonda%20Iblea.jpg,"Imported by our friends at Merlino Foods and produced by Frantoi Cultera in Sicily, this oil is made with 100% Tonda Iblea olives. Rich & fruity, it has a fresh aroma with a warm, spicy finish. Great flavor, great oil and a great price for 750ml of estate produced extra virgin olive oil!"
Olive Oil,EVOO – 일반 (Extra Virgin Olive Oil),Regalis,Spain,"Regalis Hojiblanca EVOO,",,,32.99,,In Stock,,,850052832186,75600,https://delaurenti.com/regalis-hojiblanca-evoo-850052832186-75600/,https://cdn.powered-by-nitrosell.com/product_images/26/6472/thumb-Regalis%20Hojiblanca%20EVOO.jpg,"Harvested in early November in Andalucia, Spain, this all-purpose DOP certified Hojiblanca olive oil has flavors of mellow green apple and caramelized banana. With zero astringency, low acidity (.16%), and a fantastic mouthfeel, it is great for cooking, sautéing, frying, and finishing."
Olive Oil,EVOO – 일반 (Extra Virgin Olive Oil),Travignoli,Italy,"Travignoli EVOO, 1L",1L,1000,68.99,6.9,Out of Stock,,,816328115118,76121,https://delaurenti.com/travignoli-evoo-1l-816328115118-76121/,https://cdn.powered-by-nitrosell.com/product_images/26/6472/thumb-Travignoli%20EVOO.jpg,"Known for their exceptional Tuscan wines, it makes sense that the Travignoli estate would also produce exceptional olive oil. If you made that assumption, you'd be correct. This is a classic Tuscan oil - pleasantly bitter with a touch of fruit & a warm spicey finish. Lace your September heirloom tomatoes, make salad dressing & finish your Bistecca alla Fiorentina!"
Olive Oil,EVOO – 일반 (Extra Virgin Olive Oil),Frantoia Barbera,Italy,"Frantoia Barbera EVOO, 1L",1L,1000,65.99,6.6,In Stock,,,894306000044,30051,https://delaurenti.com/frantoia-barbera-evoo-1l-894306000044-30051/,https://cdn.powered-by-nitrosell.com/product_images/26/6472/thumb-Frantoia_EVOO_1LT_01.jpg,"A DeLaurenti customer favorite for years, this Sicilian unfiltered olive oil is skillfully blended by Manfredi Barbera. The unique olive medley (Biancolilla, Cerasuola & Nocellara del Belice) yields an oil with balanced complexity. Frantoia is fruity and mild on the palate, with a subtle peppery finish. Great for salad dressing, dipping and finishing."
Olive Oil,EVOO – 일반 (Extra Virgin Olive Oil),Frantoia Barbera,Italy,"Frantoia Barbera EVOO, 500ml",500ml,500,39.99,8.0,In Stock,,,894306000037,29361,https://delaurenti.com/frantoia-barbera-evoo-500ml-894306000037-29361/,https://cdn.powered-by-nitrosell.com/product_images/26/6472/thumb-Frantoia_EVOO_500ML_01.jpg,"A DeLaurenti customer favorite for years, this Sicilian unfiltered olive oil is skillfully blended by Manfredi Barbera. The unique olive medley (Biancolilla, Cerasuola & Nocellara del Belice) yields an oil with balanced complexity. Frantoia is fruity and mild on the palate, with a subtle peppery finish. Great for salad dressing, dipping and finishing."
Olive Oil,"기타 식용유 (Other Oils: nut, seed, algae)",,Italy,"Gambuzza Organic Sesame Oil, 250ml",250ml,250,39.99,16.0,In Stock,,,8388779775865,76625,https://delaurenti.com/gambuzza-organic-sesame-oil-250ml-8388779775865-76625/,https://cdn.powered-by-nitrosell.com/product_images/26/6472/thumb-Gambuzza%20Sesame%20Oil.jpg,"The Organic Sesame of Ispica is rooted in the landscape of Sicily where it is exposed to the radiant glow of the sun, specifically from the charming village of Ragusa. This exceptional sesame is cultivated with a deep respect for tradition and nature, reflecting a family legacy that dates back to the 1960s. Guided by the expertise of generations, it is produced adhering to organic farming practices and without pesticides. The result is an amazing product that is not only gluten-free but also rich in essential nutrients such as iron, magnesium, and calcium. Recognized as a Slow Food Presidium since 2016, Gambuzza sesame stands out for its distinctive amber color and unique flavor, making it a staple in both vegetarian and vegan cuisines.

Cold-pressed from 100% organic sesame seeds, this oil boasts a high unsaturated fat content, making it a heart-healthy choice. It's the perfect choice for drizzling over salads or enhancing your favorite dishes."
Olive Oil,EVOO – 일반 (Extra Virgin Olive Oil),Olio Verde,Italy,"Olio Verde EVOO, 500ml",500ml,500,42.99,8.6,In Stock,,,793232422138,62730,https://delaurenti.com/olio-verde-evoo-500ml-793232422138-62730/,https://cdn.powered-by-nitrosell.com/product_images/26/6472/thumb-EVOO_OlioVerde_02.jpg,"Made from 100% Nocellara del Belice olives, it is one of the best olives oils you will ever taste. Year after year, this oil continues to be the first choice for chefs and home cooks alike. With a striking green color, Olio Verde has aromas of tomato leaf and fresh cut grass with a peppery finish. Use it for finishing grilled fish, meats, and vegetables, or for a simple vinaigrette with fresh squeezed lemon!"
Olive Oil,"기타 식용유 (Other Oils: nut, seed, algae)",Algae Cooking Club,Brazil,"Algae Cooking Club Gochugaru Chili Oil, 7oz",7oz,207,19.99,9.66,In Stock,,"Better for cooking, better for the planet & better for you!",860010924044,75486,https://delaurenti.com/algae-cooking-club-gochugaru-chili-oil-7oz-860010924044-75486/,https://cdn.powered-by-nitrosell.com/product_images/26/6472/thumb-Algae%20Chili%20Oil.jpg,"Crafted with Chef Daniel Humm of Eleven Madison Park, this flavored oil infuses culinary algae oil with Korean Gochugaru chili and aromatic spices. It is rich in gut and heart friendly Omega-9, buttery-smooth, and perfectly balanced. It has a mild chili heat with warm spices like cinnamon & star anise. Steeped slowly with whole spices like tea in buttery algae oil, it will elevate your eggs, noodles, soups, stir fry or pizza!"
Olive Oil,"기타 식용유 (Other Oils: nut, seed, algae)",Algae Cooking Club,Brazil,"Algae Cooking Club Oil, 16oz",16oz,473,23.99,5.07,In Stock,,"Better for cooking, better for the planet & better for you!",860010924006,74947,https://delaurenti.com/algae-cooking-club-oil-16oz-860010924006-74947/,https://cdn.powered-by-nitrosell.com/product_images/26/6472/thumb-Algae%20Oil.jpg,"Algae Oil? Wait..what? Question: What's wrong with producing high-quality fats, proteins, and nutrients in a matter of days with a fraction of the land, water, and carbon needed, without sacrificing flavor and quality? Answer: nothing. Enter our friend Algae! Turns out it yields a better everyday culinary oil for your gut & heart with tons of flavor! But why stop there? With more Omega-9s than any other oil, algae supports digestion, heart health, and high-heat cooking up to 535°F. It is neutral, buttery, and made to make you feel good. Perfect for frying, baking and achieving the perfect crust on your favorite piece of protein!"
Olive Oil,"기타 식용유 (Other Oils: nut, seed, algae)",Algae Cooking Club,Brazil,"Algae Cooking Club Shiitake Oil, 7oz",7oz,207,19.99,9.66,In Stock,,"Better for cooking, better for the planet & better for you!",860010924037,75485,https://delaurenti.com/algae-cooking-club-shiitake-oil-7oz-860010924037-75485/,https://cdn.powered-by-nitrosell.com/product_images/26/6472/thumb-Algae%20Mushroom.jpg,"Intentionally crafted with Eleven Madison Park, this umami-packed mushroom oil is the secret to enhancing flavors. Made with only premium spices and 100% high oleic algae oil. It's savory umami. Shiitake, miso, and black garlic bring rich, umami-packed flavor to all your dishes. It is high in Omega-3's, low in saturated fat and no artificial flavors, making it the perfect option for drizzling into ramen, swirling into pasta & finishing roasted vegetables!"
Olive Oil,"기타 식용유 (Other Oils: nut, seed, algae)",Algae Cooking Club,Brazil,"Algae Cooking Club Smoked Tomato Oil X Musashi, 375ml",375ml,375,29.99,8.0,In Stock,NEW,"Better for cooking, better for the planet & better for you!",860014477942,78054,https://delaurenti.com/algae-cooking-club-smoked-tomato-oil-x-musashi-375ml-860014477942-78054/,https://cdn.powered-by-nitrosell.com/product_images/26/6472/thumb-Algae%20Cooking%20club%20Tomato.jpg,"Algae Oil? Wait..what? Question: What's wrong with producing high-quality fats, proteins, and nutrients in a matter of days with a fraction of the land, water, and carbon needed, without sacrificing flavor and quality? Answer: nothing. Enter our friend Algae! Turns out it yields a better everyday culinary oil for your gut & heart with tons of flavor! But why stop there? With more Omega-9s than any other oil, algae supports digestion, heart health, and high-heat cooking up to 535°F. It is neutral, buttery, and made to make you feel good. Perfect for frying, baking and achieving the perfect crust on your favorite piece of protein!

Inspired by summer tomatoes gently charred on the grill, Musashi's Smoked Tomato Oil delivers the flavor of peak tomato season without waiting for the perfect tomato, the perfect weather, or the perfect cookout. Rich, savory, and endlessly drizzleable, it's summer in a bottle."
Olive Oil,EVOO – 일반 (Extra Virgin Olive Oil),Badia a Coltibuono,Italy,"Badia a Coltibuono EVOO, 250ml",250ml,250,28.99,11.6,In Stock,,,792895000011,26832,https://delaurenti.com/badia-a-coltibuono-evoo-250ml-792895000011-26832/,https://cdn.powered-by-nitrosell.com/product_images/26/6472/thumb-Badia%20250ml%20update.jpg,"Badia A Coltibuono is widely considered to be one of the highest quality and most consistent extra virgin olive oils in Italy. This classic Tuscan extra virgin olive oil has been produced since 1058! It is golden in color, with a bold, nutty and fruity flavor. The distinct peppery sensation produced at the back of your throat is the result of the olives that are harvested when they are young and fresh. This oil is perfect for salads, dipping bread, and finishing vegetables, steak, pasta, and soup."
Olive Oil,EVOO – 일반 (Extra Virgin Olive Oil),Badia a Coltibuono,Italy,"Badia a Coltibuono EVOO, 500ml",500ml,500,46.99,9.4,In Stock,,,792895000028,26833,https://delaurenti.com/badia-a-coltibuono-evoo-500ml-792895000028-26833/,https://cdn.powered-by-nitrosell.com/product_images/26/6472/thumb-Badia%20500ml%20update.jpg,"Badia A Coltibuono is widely considered to be one of the highest quality and most consistent extra virgin olive oils in Italy. This classic Tuscan extra virgin olive oil has been produced since 1058! It is golden in color, with a bold, nutty and fruity flavor. The distinct peppery sensation produced at the back of your throat is the result of the olives that are harvested when they are young and fresh. This oil is perfect for salads, dipping bread, and finishing vegetables, steak, pasta, and soup."
Olive Oil,EVOO – 일반 (Extra Virgin Olive Oil),Moulin Castelas,France,"Castelas EVOO Noir d'Olive, 500ml",500ml,500,45.99,9.2,In Stock,,,838356001309,47980,https://delaurenti.com/castelas-evoo-noir-dolive-500ml-838356001309-47980/,https://cdn.powered-by-nitrosell.com/product_images/26/6472/thumb-Castelines_FruitNoirOliveOil_05.jpg,"Domaine Castelas started making olive oil in the heart of the Provence in 1997. Although not the oldest, they have been recognized as one of the finest producers in the area. Their award-winning Noir d'Olive oil begins with fully ripe olives that are picked, stored, and gently fermented before pressing. The result is a unique flavor that is akin to a French oil cured olive. It has a subtly fermented note, with hints of black tapenade, cocoa and vanilla, with truffley finish. It is perfect for garlic-seasoned salads, for making mayonnaise, and for drizzling on confits, mushrooms, and mashed potatoes."
Olive Oil,EVOO – 일반 (Extra Virgin Olive Oil),Moulin Castelas,France,"Castelas EVOO, 500ml",500ml,500,45.99,9.2,In Stock,,,740913008716,77111,https://delaurenti.com/castelas-evoo-500ml-740913008716-77111/,https://cdn.powered-by-nitrosell.com/product_images/26/6472/thumb-Castelines_OliveOil_02.jpg,"Domaine Castelas started making olive oil in the heart of the Provence in 1997. Although not the oldest, they have been recognized as one of the finest producers in the area. This award-winning extra virgin olive oil is bursting with scents of raw artichokes, almonds and apples. It has a silky texture with subtle peppery finish. Perfect for salads, and finishing grilled vegetables and fish."
Olive Oil,EVOO – 일반 (Extra Virgin Olive Oil),Partanna,Italy,"Partanna EVOO, 1L",1L,1000,45.99,4.6,In Stock,,,656285170374,38509,https://delaurenti.com/partanna-evoo-1l-656285170374-38509/,https://cdn.powered-by-nitrosell.com/product_images/26/6472/thumb-Partanna_EVOO_1LT_11.jpg,"This is one of our favorite multi-use extra virgin olive oils. Produced by the Asaro family in Partanna, Sicily since 1916, it is harvested every year in mid-October. It is cloudy, green and herbaceous, with a hint of pleasant spice. It's priced right for using in bulk, but has enough character for salads and finishing."
Olive Oil,EVOO – 일반 (Extra Virgin Olive Oil),Partanna,Italy,"Partanna EVOO, 3L",3L,3000,101.99,3.4,In Stock,,,656285000060,40303,https://delaurenti.com/partanna-evoo-3l-656285000060-40303/,https://cdn.powered-by-nitrosell.com/product_images/26/6472/thumb-Partanna_OliveOil_3L_02.jpg,"This is one of our favorite multi-use extra virgin olive oils. Produced by the Asaro family in Partanna, Sicily since 1916, it is harvested every year in mid-October. It is cloudy, green and herbaceous, with a hint of pleasant spice. It's priced right for using in bulk, but has enough character for salads and finishing."
Olive Oil,EVOO – 일반 (Extra Virgin Olive Oil),Partanna,Italy,"Partanna EVOO, 500ml",500ml,500,32.99,6.6,In Stock,,,656285170350,38468,https://delaurenti.com/partanna-evoo-500ml-656285170350-38468/,https://cdn.powered-by-nitrosell.com/product_images/26/6472/thumb-Partanna_EVOO_500ML_01.jpg,"This is one of our favorite multi-use extra virgin olive oils. Produced by the Asaro family in Partanna, Sicily since 1916, it is harvested every year in mid-October. It is cloudy, green and herbaceous, with a hint of pleasant spice. It's priced right for using in bulk, but has enough character for salads and finishing."
Olive Oil,향 첨가/인퓨즈드 (Flavored & Infused Olive Oils),Agrumato,Italy,"Agrumato Lemon Infused EVOO, 200ml",200ml,200,29.99,14.99,In Stock,,,793232405131,26885,https://delaurenti.com/agrumato-lemon-infused-evoo-200ml-793232405131-26885/,https://cdn.powered-by-nitrosell.com/product_images/26/6472/thumb-Agrumato%20Lemon.jpg,"From the Abruzzo region of Italy near the Adriatic sea, this unique condiment is made by crushing whole lemons with olives during olive oil production. This process captures the essential oils and juice of the fruit in the resulting extra virgin olive oil. It's perfect for drizzling on fresh cheeses like burrata, ricotta or chevre. Also fantastic with fresh pasta and grilled seafood of all kinds."
Olive Oil,향 첨가/인퓨즈드 (Flavored & Infused Olive Oils),Agrumato,Italy,"Agumato Citron Infused EVOO, 200ml",200ml,200,29.99,14.99,Out of Stock,,,793232405032,47627,https://delaurenti.com/agumato-citron-infused-evoo-200ml-793232405032-47627/,https://cdn.powered-by-nitrosell.com/product_images/26/6472/thumb-Agrumato%20Citron.jpg,"The citron, or cedro in Italian, is an unusual citrus fruit, having a distinctive gnarly skin and pulpy interior. There is little use for the interior of the citron, which produces minimal juice, but the thick skin is intensely fragrant thanks to the essential oils in its outermost layer, and produces bright concentrated flavors. The color of citron can vary from lime green to yellow-orange, depending on the variety.

Agrumato Citron captures the aromatic flavor of Italian citrons through its unique whole-fruit crushing process. Whole citrons are crushed together with olives in a state-of-the-art frantoio, sealing the essential oils of the citron zest in the resulting extra virgin olive oil. Use Agrumato Citron as a seasoning for white fish, scallops, and chicken. It's also wonderful drizzled over steamed or raw vegetables."
Olive Oil,EVOO – 일반 (Extra Virgin Olive Oil),Atlas,Morocco,"Atlas Desert Miracle Organic EVOO, 500ml",500ml,500,29.99,6.0,In Stock,,,6111250310024,46074,https://delaurenti.com/atlas-desert-miracle-organic-extra-virgin-olive-oil-6111250310024-46074/,https://cdn.powered-by-nitrosell.com/product_images/26/6472/thumb-Atlas%20Desert%20Miracle.jpg,"Desert Miracle Extra Virgin Olive Oil, by Atlas, originates from the rugged and arid ElBorouj region of Morocco. This oil embodies the resilience and character of olives cultivated in a challenging desert environment, produced by a family-run business spanning four generations.

This extraordinary olive oil is made from olives grown on a rocky phosphate plateau in Morocco's ElBorouj region, located about 93 miles from Casablanca, heading toward Marrakech. The oil features a blend of two olive varieties: Dahbia, a native Moroccan olive, and Arbequina, a Spanish variety. This unique combination, paired with its distinct origin, lends the oil its exceptional qualities."
Olive Oil,EVOO – 일반 (Extra Virgin Olive Oil),Atlas,Morocco,"Atlas Organic EVOO, 750ml",750ml,750,29.99,4.0,In Stock,,,6111250310390,49678,https://delaurenti.com/atlas-organic-evoo-750ml-6111250310390-49678/,https://cdn.powered-by-nitrosell.com/product_images/26/6472/thumb-AtlasEVOO_16%201.jpg,"Atlas Organic Extra Virgin Olive Oil is painstakingly produced by hand at the estate of El-Borouj in the middle of the rocky dessert 150 kilometers from Casablanca toward Marrakech in Morocco. Four generations of the Aqallal family have tended the land and continued the tradition of producing the highest quality olive oil that Morocco has to offer. A unique blend of Moroccan Picholine, Dahbia & Arbequina olives, it has the aroma of ripe bananas, red apples & tomatoes. Perfect as a finishing oil for grilled meats & vegetables, or to enjoy simply with a crusty baguette."
Olive Oil,EVOO – 일반 (Extra Virgin Olive Oil),Nunez de Prado,Spain,"Nunez de Prado Organic EVOO, 1L",1L,1000,56.99,5.7,In Stock,,,8432511000057,31468,https://delaurenti.com/nunez-de-prado-organic-evoo-1l-8432511000057-31468/,https://cdn.powered-by-nitrosell.com/product_images/26/6472/thumb-Nunez%20De%20Prado%201%20Liter.jpg,"For seven generations, the Nuñez de Prado family has been producing amazing olive oil in the hills of Baena, Spain. 100% organic olives are handpicked and crushed in the family’s granite stone wheels, similar to those used by the Romans 20 centuries ago. Estate-produced and bottled, it is a blend of 14 different olive varieties. The oil has nuances of green olives, oranges, lemons, fresh cut grass, almonds, and apples - all accentuated by a smooth, sweet finish. An unfiltered oil with an even lower oleic acidity than 'extra virgin', it takes 11 kilos of olives to make 1 liter of this olive oil!"
Olive Oil,"EVOO – 단일 산지/품종·DOP/IGP (Estate, Single-Cultivar, DOP/IGP)",Nunez de Prado,Spain,"Nunez de Prado Organic EVOO, 500ml",500ml,500,35.99,7.2,Out of Stock,,,8432511000026,41565,https://delaurenti.com/nunez-de-prado-organic-evoo-500ml-8432511000026-41565/,https://cdn.powered-by-nitrosell.com/product_images/26/6472/thumb-Nunez%20de%20Prado%20Glass.jpg,"Nunez de Prado Flor de Aceite (also known as 'Flower of the Oil') is a 100% organic extra virgin olive oil harvested from a single estate in Spain that has been producing since 1795.

This oil is is gathered after the olives are crushed, but before they are pressed between mats. Only the oil that flows through with gravity is bottled in its unfiltered form. This oil has an extraordinary low oleic acidity of 0.1%, ten times lower than required to be labeled Extra Virgin.The result is a beautifully aromatic, fruity & unfiltered olive oil. It takes 11 kilos of olives to make 1 liter of this olive oil!"
Olive Oil,EVOO – 일반 (Extra Virgin Olive Oil),Neus,Spain,"Neus Extra Virgin Olive Oil, 350ml",350ml,350,33.99,9.71,In Stock,,,691461000311,27684,https://delaurenti.com/neus-extra-virgin-olive-oil-350ml-691461000311-27684/,https://cdn.powered-by-nitrosell.com/product_images/26/6472/thumb-Neus%20EVOO.jpg,"This premium olive oil is produced by Priorat Natur, a small company in Northern Spain that specializes in agricultural products made with traditional methods and recipes of the Priorat region, a rugged, hilly landscape dotted with ancient olive groves. Their Neus Extra Virgin Olive Oil (named after the founder’s grandmother, Neus de Mas Callot) is made exclusively with Arbequina olives, handpicked while green, cold pressed, and bottled immediately. The result is an award-winning oil, golden in color, rich and buttery up front, with a gentle bite in the elegant finish. Use for dipping with crusty bread or drizzled over poultry and fish dishes."
Olive Oil,향 첨가/인퓨즈드 (Flavored & Infused Olive Oils),Villa Manodori,Italy,"Villa Manodori EVOO w/Black Pepper, 250ml",250ml,250,29.99,12.0,In Stock,,,8008015003308,42973,https://delaurenti.com/villa-manodori-evoo-w-black-pepper-250ml-8008015003308-42973/,https://cdn.powered-by-nitrosell.com/product_images/26/6472/thumb-Villa%20Manodori%20Black%20Pepper%20EVOO.jpg,"Villa Manodori produces premium extra virgin olive oils and balsamic vinegars under the guidance of Massimo Bottura, the chef and owner of three-star Michelin restaurant Osteria Francescana in Modena, Italy. Named the world’s best restaurant in 2018, it is the only Italian restaurant ever to hold that title. This olive oil, based on the oil Bottura uses in his restaurant, is produced from Moraiolo and Leccino olives with the addition of an all-natural essential oil of ginger created through a unique distillation process developed by Bottura. This oil is infused with black peppercorns imparting a warm delayed spice that is perfect for flavoring meat, fish, vegetables & greens."
Olive Oil,향 첨가/인퓨즈드 (Flavored & Infused Olive Oils),Villa Manodori,Italy,"Villa Manodori EVOO w/Garlic, 500ml",500ml,500,29.99,6.0,In Stock,,,8008015002516,44442,https://delaurenti.com/villa-manodori-evoo-w-garlic-500ml-8008015002516-44442/,https://cdn.powered-by-nitrosell.com/product_images/26/6472/thumb-Villa%20Manodori%20Garlic%20EVOO.jpg,"Villa Manodori produces premium extra virgin olive oils and balsamic vinegars under the guidance of Massimo Bottura, the chef and owner of three-star Michelin restaurant Osteria Francescana in Modena, Italy. Named the world’s best restaurant in 2018, it is the only Italian restaurant ever to hold that title. This olive oil, based on the oil Bottura uses in his restaurant, is produced from Moraiolo and Leccino olives with the addition of an all-natural essential oil of garlic created through a unique distillation process developed by Bottura. The oil is infused with the pungent flavor of garlic and is excellent drizzled on grilled crusty slices of bread and in salad dressings."
Olive Oil,향 첨가/인퓨즈드 (Flavored & Infused Olive Oils),Villa Manodori,Italy,"Villa Manodori EVOO w/Lemon, 500ml",500ml,500,29.99,6.0,In Stock,,,8008015003285,50377,https://delaurenti.com/villa-manodori-evoo-w-lemon-500ml-8008015003285-50377/,https://cdn.powered-by-nitrosell.com/product_images/26/6472/thumb-Villa%20Manodori%20Lemon%20EVOO.jpg,"Villa Manodori produces premium extra virgin olive oils and balsamic vinegars under the guidance of Massimo Bottura, the chef and owner of three-star Michelin restaurant Osteria Francescana in Modena, Italy. Named the world’s best restaurant in 2018, it is the only Italian restaurant ever to hold that title. This olive oil, based on the oil Bottura uses in his restaurant, is produced from Moraiolo and Leccino olives with the addition of an all-natural essential oil of lemon created through a unique distillation process developed by Bottura. The oil has a vibrant, refreshing citrus flavor and is excellent for dipping, salads, and seafood."
Olive Oil,향 첨가/인퓨즈드 (Flavored & Infused Olive Oils),Villa Manodori,Italy,"Villa Manodori EVOO w/Red Pepper, 500ml",500ml,500,29.99,6.0,Out of Stock,,,8008015003292,42972,https://delaurenti.com/villa-manodori-evoo-w-red-pepper-500ml-8008015003292-42972/,https://cdn.powered-by-nitrosell.com/product_images/26/6472/thumb-Villa%20Manodori%20Red%20Pepper%20EVOO.jpg,"Villa Manodori produces premium extra virgin olive oils and balsamic vinegars under the guidance of Massimo Bottura, the chef and owner of three-star Michelin restaurant Osteria Francescana in Modena, Italy. Named the world’s best restaurant in 2018, it is the only Italian restaurant ever to hold that title. This olive oil, based on the oil Bottura uses in his restaurant, is produced from Moraiolo and Leccino olives with the addition of an all-natural essential oil of red pepper created through a unique distillation process developed by Bottura. The oil is laced with the subtle flavor of red pepper and adds zip to sauces, marinades, and grilled meats."
Olive Oil,향 첨가/인퓨즈드 (Flavored & Infused Olive Oils),A L'Olivier,France,"A L'Olivier Basil Infused Olive Oil, 250ml",250ml,250,32.99,13.2,In Stock,,,672917078948,34305,https://delaurenti.com/a-lolivier-basil-infused-olive-oil-250ml-672917078948-34305/,https://cdn.powered-by-nitrosell.com/product_images/26/6472/thumb-A%20L%27Olivier%20Basil.jpg,"In 1822, Monsieur Popelin, a pharmacist, set up a shop devoted to olive oil in Paris and A L'Olivier was born. Today, the family owned company still makes amazing olive oil, along with high quality vinegars and nut oils. This extra virgin olive oil is steeped in fresh basil, giving it a fresh and easily recognizable aroma and flavor. Drizzle it on fresh tomatoes and mozzarella, goat cheese, soups and pasta."
Olive Oil,향 첨가/인퓨즈드 (Flavored & Infused Olive Oils),A L'Olivier,France,"A L'Olivier Garlic & Thyme Olive Oil, 250ml",250ml,250,32.99,13.2,In Stock,,,672917078962,34371,https://delaurenti.com/a-lolivier-garlic-thyme-olive-oil-250ml-672917078962-34371/,https://cdn.powered-by-nitrosell.com/product_images/26/6472/thumb-A%20L%27Olivier%20Garlic%20Thyme.jpg,"In 1822, Monsieur Popelin, a pharmacist, set up a shop devoted to olive oil in Paris and A L'Olivier was born. Today, the family owned company still makes amazing olive oil, along with high quality vinegars and nut oils. Their Garlic & Thyme Infused olive oil is subtlely scented with garlic and fresh herbs. It is perfect for use on green salads, marinades, and finishing grilled meats and vegetables."
Olive Oil,향 첨가/인퓨즈드 (Flavored & Infused Olive Oils),A L'Olivier,France,"A L'Olivier Lemon Thyme Olive Oil, 150ml",150ml,150,19.99,13.33,In Stock,,,672917091565,57184,https://delaurenti.com/a-lolivier-lemon-thyme-olive-oil-150ml-672917091565-57184/,https://cdn.powered-by-nitrosell.com/product_images/26/6472/thumb-A%20L%27Olivier%20Lemon%20Thyme.jpg,"In 1822, Monsieur Popelin, a pharmacist, set up a shop devoted to olive oil in Paris and A L'Olivier was born. Today, the family owned company still makes amazing olive oil, along with high quality vinegars and nut oils. For this oil, they use a patented process to infuse lemon thyme essence with extra virgin olive oil. It is perfect with sweet and savory dishes - a small drop will amaze the senses. It also pairs well with fresh spring vegetables, or dry drizzling over a toasted baguette with fresh ricotta."
Olive Oil,EVOO – 일반 (Extra Virgin Olive Oil),A L'Olivier,France,"A L'Olivier Olive Oil, 700ml",700ml,700,64.99,9.28,In Stock,,,672917079365,34375,https://delaurenti.com/a-lolivier-olive-oil-700ml-672917079365-34375/,https://cdn.powered-by-nitrosell.com/product_images/26/6472/thumb-A%20L%27Olivier%20EVOO%20Drum.jpg,"This distinctly sweet, fragrant, fruity oil is true to Provencal style. Low in acidity and high on versatility, it is beautifully presented in a modern, white drum. The ideal oil if you are looking for something flavorful without being too overpowering."
Olive Oil,향 첨가/인퓨즈드 (Flavored & Infused Olive Oils),A L'Olivier,France,"A L'Olivier Porcini & Truffle Olive Oil, 250ml",250ml,250,33.99,13.6,In Stock,,,672917078979,34372,https://delaurenti.com/a-lolivier-porcini-truffle-olive-oil-250ml-672917078979-34372/,https://cdn.powered-by-nitrosell.com/product_images/26/6472/thumb-A%20L%27Olivier%20Porcini.jpg,"In 1822, Monsieur Popelin, a pharmacist, set up a shop devoted to olive oil in Paris and A L'Olivier was born. Today, the family owned company still makes amazing olive oil, along with high quality vinegars and nut oils. Their Porcini and truffle infused extra virgin olive oil is woodsy and mushroomy with an earthy black truffle aroma. It is ideal for finishing risotto, pasta, potatoes & creamy soups."
Olive Oil,향 첨가/인퓨즈드 (Flavored & Infused Olive Oils),A L'Olivier,France,"A L'Olivier Provencal Herbs Olive Oil , 250ml",250ml,250,32.99,13.2,In Stock,,,672917078986,34373,https://delaurenti.com/a-lolivier-provencal-herbs-olive-oil-250ml-672917078986-34373/,https://cdn.powered-by-nitrosell.com/product_images/26/6472/thumb-A%20L%27Olivier%20Herbs%20Prov.jpg,"In 1822, Monsieur Popelin, a pharmacist, set up a shop devoted to olive oil in Paris and A L'Olivier was born. Today, the family owned company still makes amazing olive oil, along with high quality vinegars and nut oils. Herbs de Provence, the timeless combination of thyme, rosemary, basil and tarragon, give this extra virgin olive oil an herbaceous, fresh aroma. It is perfect for a variety of dishes, including grilled meats, seafood and vegetables."
Olive Oil,"기타 식용유 (Other Oils: nut, seed, algae)",Algae Cooking Club,Brazil,"Algae Cooking Club Roasted Garlic and Yuzu Oil X Nara Smith, 375ml",375ml,375,29.99,8.0,In Stock,NEW,"Better for cooking, better for the planet & better for you!",860014477904,77764,https://delaurenti.com/algae-cooking-club-roasted-garlic-and-yuzu-oil-x-nara-smith-375ml-860014477904-77764/,https://cdn.powered-by-nitrosell.com/product_images/26/6472/thumb-Algae%20Cooking%20Club%20Roasted%20Garlic%20Oil.jpg,"Algae Oil? Wait..what? Question: What's wrong with producing high-quality fats, proteins, and nutrients in a matter of days with a fraction of the land, water, and carbon needed, without sacrificing flavor and quality? Answer: nothing. Enter our friend Algae! Turns out it yields a better everyday culinary oil for your gut & heart with tons of flavor! But why stop there? With more Omega-9s than any other oil, algae supports digestion, heart health, and high-heat cooking up to 535°F. It is neutral, buttery, and made to make you feel good. Perfect for frying, baking and achieving the perfect crust on your favorite piece of protein!

For their Roasted Garlic Oil, each bottle is steeped slowly for hours, just like Nara does in her own kitchen, to draw out maximum flavor and freshness. The result is a rich roasted garlic oil with bright hints of yuzu and the savory depth of miso, all in our buttery, chef-grade algae oil."
Olive Oil,EVOO – 일반 (Extra Virgin Olive Oil),Atlas,Morocco,"Atlas Organic EVOO, 3L",3L,3000,88.99,2.97,In Stock,,,6111250310345,62567,https://delaurenti.com/atlas-organic-evoo-3l-611125031034-62567/,https://cdn.powered-by-nitrosell.com/product_images/26/6472/thumb-Atlas%20EVOO%203L.jpg,"Atlas Organic Extra Virgin Olive Oil is painstakingly produced by hand at the estate of El-Borouj in the middle of the rocky dessert 150 kilometers from Casablanca toward Marrakech in Morocco. Four generations of the Aqallal family have tended the land and continued the tradition of producing the highest quality olive oil that Morocco has to offer. A unique blend of Moroccan Picholine, Dahbia & Arbequina olives, it has the aroma of ripe bananas, red apples & tomatoes. Perfect as a finishing oil for grilled meats & vegetables, or to enjoy simply with a crusty baguette."
Olive Oil,"기타 식용유 (Other Oils: nut, seed, algae)",Castelmuro,Austria,"Castelmuro Pumpkin Seed Oil, 250ml",250ml,250,29.99,12.0,In Stock,,,606620860019,35407,https://delaurenti.com/castelmuro-pumpkin-seed-oil-250ml-606620860019-35407/,https://cdn.powered-by-nitrosell.com/product_images/26/6472/thumb-Castelmuro_PumpkinOil_01.jpg,"Made in Austria with Syrian pumpkin seeds, this finishing oil is rich, nutty and surprisingly versatile. Great for salad dressings with cider vinegar, or for finishing roasted vegetables and creamy winter soups. The more daring have even used it on vanilla ice cream with some chocolate shavings!"
Olive Oil,EVOO – 일반 (Extra Virgin Olive Oil),Castillo de Canena,Spain,"Castillo de Canena Harissa EVOO, 250ml",250ml,250,39.99,16.0,In Stock,,,8437016319314,62298,https://delaurenti.com/castillo-de-canena-harissa-evoo-250ml-8437016319314-62298/,https://cdn.powered-by-nitrosell.com/product_images/26/6472/thumb-Castillo%20Harissa%20Oil.jpg,"This infused olive oil pairs the buttery flavor of Arbequina olives with the rich flavor of harissa. The heat arrives first, with notes of red pepper and cayenne. On the finish, notes of garlic, coriander, and caraway will linger on the palate, along with the fruity, green notes of Arbequina olives. This is a perfect finishing oil for when you’d like to add some complex spice notes to any dish. Try it over grilled meats, pizza, or on a sandwich. Packaged in a colorful bottle inspired by Arabic art, this makes a wonderful gift for any spice lover."
Olive Oil,향 첨가/인퓨즈드 (Flavored & Infused Olive Oils),Castillo de Canena,Spain,"Castillo de Canena Smoked EVOO, 250ml",250ml,250,38.99,15.6,In Stock,,,8437005095458,49044,https://delaurenti.com/castillo-de-canena-smoked-evoo-250ml-8437005095458-49044/,https://cdn.powered-by-nitrosell.com/product_images/26/6472/thumb-Castillo_SmokedOliveOil_01.jpg,"Arbequino oil delicately smoked with oak and beechwood. The smokey flavor doesn't cover anything up, but enhances the natural flavor of this olive oil. Warm, nutty, with a touch of fruitiness, use this to finish meats, pizza, grilled fish, roasted vegetables and hummus. Did we mention the gorgeous bottle?"
Olive Oil,EVOO – 일반 (Extra Virgin Olive Oil),Crudo,Italy,"Crudo Extra Virgin Olive Oil, 500ml",500ml,500,24.99,5.0,In Stock,NEW,Exclusively From Ogliarola Olives,793232430010,56994,https://delaurenti.com/crudo-extra-virgin-olive-oil-500ml-793232430010-56994/,https://cdn.powered-by-nitrosell.com/product_images/26/6472/thumb-Crudo%20EVOO.jpg,"Gaetano Schiralli's new harvest Crudo is made entirely from Ogliarola olives grown, harvested, and pressed at his estate in Puglia. Masterfully milled, Crudo is bold with notes of artichoke hearts, grass and green almond. Its assertive spiciness finishes clean on the palate. A robust oil."
Olive Oil,EVOO – 일반 (Extra Virgin Olive Oil),iLo,Spain,"iLo Organic Extra Virgin Olive Oil, 1Liter",1Liter,1000,34.99,3.5,In Stock,NEW,,8437009165805,78095,https://delaurenti.com/ilo-organic-extra-virgin-olive-oil-1liter-8437009165805-78095/,https://cdn.powered-by-nitrosell.com/product_images/26/6472/thumb-ilo%20EVOO%202.jpg,"iLo extra virgin olive oil comes from a family-run mill in the heart of Cordoba, Spain, where the family has cutivated the same land for over 600 years. Made from an annual blend of select olives, always including Arbequina & Picual- some harvested from decades old mature trees, others from yonger groves- the oil is milled onsite using sustainable methods. The result is a balanced, medium-fruity oil that's versatile, fresh, and full of character. Ilo is made for everyday use-whether youre sauteing, dipping, or drizzling, ilo is the only oil you need."
Olive Oil,EVOO – 일반 (Extra Virgin Olive Oil),,Spain,"L'Estornell EVOO, 750ml",750ml,750,44.99,6.0,In Stock,,,054879404285,69532,https://delaurenti.com/lestornell-evoo-750ml-054879404285-69532/,https://cdn.powered-by-nitrosell.com/product_images/26/6472/thumb-L%27Estornell%20EVOO%20Large.jpg,"This oil is produced from organic Arbequina olives from the Veá estates. Cold winters and dry summers make the region particularly suitable to organic cultivation. Certified by the Catalan Council of Organic Production, under the EEC, it has a sweet, slightly nutty, almond flavor with a peppery quality and spicy finish. Perfect for sautéed vegetables, pooled on hummus, drizzled over grilled peaches and figs or to coat cauliflower with turmeric before oven roasting."
Olive Oil,"기타 식용유 (Other Oils: nut, seed, algae)",La Tourangelle,France,"La Tourangelle Avocado Oil, 500ml",500ml,500,18.99,3.8,In Stock,,,857190000088,49186,https://delaurenti.com/la-tourangelle-avocado-oil-500ml-857190000088-49186/,https://cdn.powered-by-nitrosell.com/product_images/26/6472/thumb-La%20Tourangelle%20Avocado.jpg,"La Tourangelle is a family-owned artisan oil producer of the highest quality. They use traditional French techniques of roasting and pressing nuts to make award-winning oils in California. All their products are non-GMO and gluten-free.

Their avocado oils are 100% pure, all-natural and handcrafted from premium avocados. The oil is extracted from the avocado pulp using a centrifuge similar to how extra virgin olive oil is extracted. The result is a beautiful, emerald green oil with high level of monounsaturated fats that will bring a delicious, light fruity flavor to your dishes. La Tourangelle avocado oils are NOT fully refined. This means that their avocado oils are green and loaded with naturally occurring antioxidants!"
Olive Oil,"기타 식용유 (Other Oils: nut, seed, algae)",La Tourangelle,France,"La Tourangelle Grapeseed Oil, 500ml",500ml,500,17.99,3.6,In Stock,,,857190000316,49218,https://delaurenti.com/la-tourangelle-grapeseed-oil-500ml-857190000316-49218/,https://cdn.powered-by-nitrosell.com/product_images/26/6472/thumb-La%20Tourangelle%20Grapeseed.jpg,"La Tourangelle is a family-owned artisan oil producer of the highest quality. They use traditional French techniques of roasting and pressing nuts to make award-winning oils in California. All their products are non-GMO and gluten-free. Their Grapeseed Oil has a light flavor and a high level of polyunsaturated fat. It can also be heated up to 450°F without smoking, making it ideal for foods that need to be seared at high heat."
Olive Oil,"기타 식용유 (Other Oils: nut, seed, algae)",La Tourangelle,France,"La Tourangelle Organic Sunflower Oil, 500ml",500ml,500,16.99,3.4,In Stock,,,857190000712,47710,https://delaurenti.com/la-tourangelle-organic-sunflower-oil-500ml-857190000712-47710/,https://cdn.powered-by-nitrosell.com/product_images/26/6472/thumb-La%20Tourangelle%20Sunflower.jpg,"La Tourangelle is a family-owned artisan oil producer of the highest quality. They use traditional French techniques of roasting and pressing nuts to make award-winning oils in California. All their products are non-GMO and gluten-free. Their Organic Sunflower Oil has a clean, neutral flavor and a high smoke point, making it an excellent oil for frying, sautéing, and roasting. It’s also good whisked into a vinaigrette or used in baked goods as a butter substitute."
Olive Oil,"기타 식용유 (Other Oils: nut, seed, algae)",La Tourangelle,France,"La Tourangelle Roasted Hazelnut Oil, 500ml",500ml,500,15.99,3.2,In Stock,,,857190000170,58474,https://delaurenti.com/la-tourangelle-roasted-hazelnut-oil-500ml-857190000170-58474/,https://cdn.powered-by-nitrosell.com/product_images/26/6472/thumb-La%20Tourangelle%20Hazelnut%20Update.jpg,"La Tourangelle is a family-owned artisan oil producer of the highest quality. They use traditional French techniques of roasting and pressing nuts to make award-winning oils in California. All their products are non-GMO and gluten-free.

Roasted hazelnut oil is a well-kept secret of many top chefs who use it daily, adding another layer of texture, aroma and flavor to their recipes. La Tourangelle Roasted Hazelnut oil melds with any flavors, making it perfect for dressings, sautéing, baking & finishing."
Olive Oil,"기타 식용유 (Other Oils: nut, seed, algae)",La Tourangelle,France,"La Tourangelle Toasted Sesame Oil, 8.45oz",8.45oz,250,12.99,5.2,In Stock,,,857190000477,47932,https://delaurenti.com/la-tourangelle-toasted-sesame-oil-845oz-857190000477-47932/,https://cdn.powered-by-nitrosell.com/product_images/26/6472/thumb-La%20Touragelle%20Sesame.jpg,"La Tourangelle is a family-owned artisan oil producer of the highest quality. They use traditional French techniques of roasting and pressing nuts to make award-winning oils in California. All their products are non-GMO and gluten-free. Their Toasted Sesame Oil is made from South American and African sesame seeds roasted slowly at low temperatures. This results in a deep amber, richly flavored oil with a subtle toasted taste. Use to flavor Asian stir-fry or noodle dishes or in marinades for meat or fish."
Olive Oil,"기타 식용유 (Other Oils: nut, seed, algae)",La Tourangelle,France,"La Tourangelle Walnut Oil, 8.45oz",8.45oz,250,11.99,4.8,In Stock,,,857190000071,58473,https://delaurenti.com/la-tourangelle-walnut-oil-845oz-857190000071-58473/,https://cdn.powered-by-nitrosell.com/product_images/26/6472/thumb-La%20Touragelle%20Walnut.jpg,"La Tourangelle is a family-owned artisan oil producer of the highest quality. They use traditional French techniques of roasting and pressing nuts to make award-winning oils in California. All their products are non-GMO and gluten-free. Their Roasted Walnut Oil has a rich, nutty flavor of walnuts without their characteristic bitterness. It makes an excellent salad oil and is a welcome addition drizzled on grilled fish and meat dishes."
Olive Oil,향 첨가/인퓨즈드 (Flavored & Infused Olive Oils),Le Ferre,Italy,"Le Ferre Garlic Infused EVOO, 250ml",250ml,250,20.99,8.4,In Stock,,,8033344770430,57295,https://delaurenti.com/le-ferre-garlic-infused-evoo-250ml-8033344770430-57295/,https://cdn.powered-by-nitrosell.com/product_images/26/6472/thumb-LeFerre_EVOO_Garlic_01.jpg,"All of Le Ferre's infused oils have one thing in common: they start with high quality apuglian extra virgin olive oil. Infused with sweet, fragrant garlic, this oil is flavorful but not overpowering. Great on anything you might imagine: crusty bread, grilled meats, salad dressing and pasta."
Olive Oil,향 첨가/인퓨즈드 (Flavored & Infused Olive Oils),Le Ferre,Italy,"Le Ferre Lemon Infused EVOO, 250ml",250ml,250,23.99,9.6,In Stock,,,8033344770409,55442,https://delaurenti.com/le-ferre-lemon-infused-evoo-250ml-8033344770409-55442/,https://cdn.powered-by-nitrosell.com/product_images/26/6472/thumb-LeFerre_EVOO_Lemon_01.jpg,"All of Le Ferre's infused oils have one thing in common: they start with high quality apuglian extra virgin olive oil. Infused with southern Italian lemons, this oil is bright and citrusy, making it excellent for finishing grilled fish, tuna carpaccio or seafood pasta."
Olive Oil,향 첨가/인퓨즈드 (Flavored & Infused Olive Oils),Le Ferre,Italy,"Le Ferre Orange Infused EVOO, 250ml",250ml,250,23.99,9.6,In Stock,,,8033344770751,57450,https://delaurenti.com/le-ferre-orange-infused-evoo-250ml-8033344770751-57450/,https://cdn.powered-by-nitrosell.com/product_images/26/6472/thumb-LeFerre_EVOO_Orange_01.jpg,"All of Le Ferre's infused oils have one thing in common: they start with high quality apuglian extra virgin olive oil. Infused with southern Italian oranges, this oil is perfect on salads, tuna and shellfish. It's bright citrus freshness is also great when blended into yogurt or whipped cream."
Olive Oil,EVOO – 일반 (Extra Virgin Olive Oil),Barbera Lorenzo,Italy,"Lorenzo #1 Cerasuola EVOO, 500ml",500ml,500,58.99,11.8,In Stock,,,894306000136,46577,https://delaurenti.com/lorenzo-1-cerasuola-evoo-500ml-894306000136-46577/,https://cdn.powered-by-nitrosell.com/product_images/26/6472/thumb-EVOO_Lorenzo_Cerasuola_16.9oz_03.jpg,"The Barbera family has been producing Sicilian olive oil since 1894. This line of limited production olive oils commemorates 3 generations of the Barbara family. Lorenzo #1 is made with 100% Cerasuola olives - intense and herbaceous, it has lingering notes of fruit with an assertive, peppery finish."
Olive Oil,EVOO – 일반 (Extra Virgin Olive Oil),Barbera Lorenzo,Italy,"Lorenzo #3 Biancolilla EVOO, 500ml",500ml,500,58.99,11.8,In Stock,,,894306000099,46578,https://delaurenti.com/lorenzo-3-biancolilla-evoo-500ml-894306000099-46578/,https://cdn.powered-by-nitrosell.com/product_images/26/6472/thumb-EVOO_Lorenzo_Biancolilla_03.jpg,The Barbera family has been producing Sicilian olive oil since 1894. This line of limited production olive oils commemorates 3 generations of the Barbara family. Lorenzo #3 is made with 100% Biancolilla olives - it is well-rounded and mildly fruity with a peppery finish.
Olive Oil,EVOO – 일반 (Extra Virgin Olive Oil),Barbera Lorenzo,Italy,"Lorenzo #5 Nocellara EVOO, 500ml",500ml,500,58.99,11.8,In Stock,,,894306000112,46579,https://delaurenti.com/lorenzo-5-nocellara-evoo-500ml-894306000112-46579/,https://cdn.powered-by-nitrosell.com/product_images/26/6472/thumb-EVOO_Lorenzo_Nocellara_16.9oz_02.jpg,"The Barbera family has been producing Sicilian olive oil since 1894. This line of limited production olive oils commemorates 3 generations of the Barbara family. Lorenzo #5 is made with 100% Nocellara olives - it is delicate and creamy, with a slightly peppery finish."
Olive Oil,EVOO – 일반 (Extra Virgin Olive Oil),Masserie di Sant'eramo,Italy,"Masserie di Sant'eramo Delicate EVOO, 250ml",250ml,250,12.99,5.2,In Stock,,,765719002027,26784,https://delaurenti.com/masserie-di-santeramo-delicate-evoo-250ml-765719002027-26784/,https://cdn.powered-by-nitrosell.com/product_images/26/6472/thumb-Masserie%20Delicate.jpg,"From the Lazio region near Rome, Masserie di Sant'eramo Delicate Extra Virgin Olive Oil, not surprisingly, is delicate and fruity in flavor. It's aroma of subtle raw almonds make it perfect for finishing fish and vegetables."
Olive Oil,EVOO – 일반 (Extra Virgin Olive Oil),Masserie di Sant'eramo,Italy,"Masserie di Sant'eramo Flavorful EVOO, 250ml",250ml,250,12.99,5.2,In Stock,,,765719001020,26783,https://delaurenti.com/masserie-di-santeramo-flavorful-evoo-250ml-765719001020-26783/,https://cdn.powered-by-nitrosell.com/product_images/26/6472/thumb-Masserie%20Flavorful.jpg,"From the Lazio region near Rome, Masserie di Sant'eramo Flavorful Extra Virgin Olive Oil, not surprisingly, is flavorful, intense & fruity. It is perfect for finishing pasta, roasted meat, grilled vegetables, bruschetta & salad dressings."
Olive Oil,EVOO – 일반 (Extra Virgin Olive Oil),Merlino,Italy,"Merlino EVOO, 3L",3L,3000,85.99,2.87,In Stock,,,111200000003,33763,https://delaurenti.com/merlino-evoo-3l-111200000003-33763/,https://cdn.powered-by-nitrosell.com/product_images/26/6472/thumb-Merlino%20EVOO%203L.jpg,"As seen in the DeLaurenti kitchen! This oil in a 3L tin is your work horse for all things cooking. Balanced, subtle, but flavorful, it is your go to for everything from sauteeing, dressings, marinades & sauces. Don't think you can use this much oil?? Think again! Just rinse out an old wine bottle, find a pouring spout, fill the bottle and keep the tin in the cupboard!"
Olive Oil,EVOO – 일반 (Extra Virgin Olive Oil),Merula,Spain,"Merula EVOO, 500ml",500ml,500,32.99,6.6,In Stock,,,740913000758,37303,https://delaurenti.com/merula-evoo-500ml-740913000758-37303/,https://cdn.powered-by-nitrosell.com/product_images/26/6472/thumb-EVOO_Merula_05.jpg,"The Morisca, Arbequina, Picual, and Hojiblanca olives used for Merula are from the second harvest of the year. The added time on the trees gives this oil its characteristic flavor and a higher smoke point. The name Merula comes from the Latin word for yellow-beaked black bird, a bird that populates the Alvarez de Toledo family estate. Delicate and buttery with light herbal and nutty notes, use this oil for everything from sauteeing to making vinaigrette."
Olive Oil,향 첨가/인퓨즈드 (Flavored & Infused Olive Oils),O,California,"O Basil Olive Oil, 8.5oz",8.5oz,251,17.99,7.16,Out of Stock,,,63403900022,50695,https://delaurenti.com/o-basil-olive-oil-85oz-63403900022-50695/,https://cdn.powered-by-nitrosell.com/product_images/26/6472/thumb-O%20Basil.jpg,"O's olive varietals are crushed hours after being harvested. This makes their olive oil the freshest and full of beneficial polyphenols and antioxidant richness. This is uncommon for regular olive oils, and almost unheard of for oils that are crushed with herbs or fruit. The result is a lively & fresh basil oil that is perfect for dressings, finishing pasta & vegetables, or dipping a crusty baguette."
Olive Oil,향 첨가/인퓨즈드 (Flavored & Infused Olive Oils),O,California,"O Meyer Lemon Olive Oil, 8.5oz",8.5oz,251,23.99,9.54,In Stock,,,634039000016,33817,https://delaurenti.com/o-meyer-lemon-olive-oil-85oz-634039000016-33817/,https://cdn.powered-by-nitrosell.com/product_images/26/6472/thumb-O%20Meyer%20Lemon.jpg,"O's olive varietals are crushed hours after being harvested. This makes their olive oil the freshest and full of beneficial polyphenols and antioxidant richness. This is uncommon for regular olive oils, and almost unheard of for oils that are crushed with herbs or fruit. This oil has real Meyer lemons crushed with this high quality California olive oil. The characteristic sweet flavor and floral aroma of the Meyer lemons comes through to make this oil truely unique. Perfect for salad dressings, drizzling on grilled vegetables and finishing fish."
Olive Oil,향 첨가/인퓨즈드 (Flavored & Infused Olive Oils),Partanna,Italy,"Partanna Mission Spicy Pepper Olive Oil, 500ml",500ml,500,28.99,5.8,In Stock,,,656285176017,69236,https://delaurenti.com/partanna-mission-spicy-pepper-olive-oil-500ml-656285176017-69236/,https://cdn.powered-by-nitrosell.com/product_images/26/6472/thumb-Partanna%20Chili%20Oillllll.jpg,"Turn up the heat in your kitchen with Partanna Mission Spicy Pepper Olive Oil, a bold fusion of Partanna's premium extra virgin olive oil and the invigorating kick of spicy red pepper. Cooking with it infuses dishes with a rich, spicy depth. Drizzle it over grilled vegetables, pizza, fried rice, soups, or fresh salads for some direct, immediate heat!"
Olive Oil,"EVOO – 단일 산지/품종·DOP/IGP (Estate, Single-Cultivar, DOP/IGP)",Petricor,Italy,"Petricor 100% Taggiasca Olive EVOO, 375ml",375ml,375,36.99,9.86,In Stock,,,111455652054,75096,https://delaurenti.com/petricor-100-taggiasca-olive-evoo-375ml-111455652054-75096/,https://cdn.powered-by-nitrosell.com/product_images/26/6472/thumb-Petricor%20EVOO.jpg,"Giada Calzia, of Petricor, grows olives on her family’s farm of 8,000 olive trees, divided into several olive groves that span from Imperia up to Lucinasco, in Liguria. This olive oil is 100% Taggiasca, a cultivar that represents only 1% of Italian olive production. This olive oil is rare, not only in its origin, but in its layered profile and delicate nature. This olive oil is an expression of the Ligurian Terroir: only Taggiasca olives from selected plots are used. The olives are hand harvested and transported to the oil mill, defoliated, washed, and pressed the same day. This attention to detail and commitment to the craft, creates an oil that is uncompromising in its quality. In true Ligurian style, use this delicate and versatile oil on raw or cooked fish, on salads and vegetables, and in baking."
Olive Oil,향 첨가/인퓨즈드 (Flavored & Infused Olive Oils),Regalis,Italy,"Regalis Black Truffle Oil, 100ml",100ml,100,26.99,26.99,In Stock,,,748252025975,54553,https://delaurenti.com/regalis-black-truffle-oil-100ml-748252025975-54553/,https://cdn.powered-by-nitrosell.com/product_images/26/6472/thumb-Regalis_BlackTruffleOil_01.jpg,"Regalis has been providing truffle delicacies to professional chefs and home cooks since 2012. This black truffle oil is made with estate-grown California extra virgin olive oil naturally infused with earthy Spanish black winter truffles. Comparable to French Perigord black truffles, Spanish truffles add slightly more pungency and earthiness to the final product."
Olive Oil,향 첨가/인퓨즈드 (Flavored & Infused Olive Oils),Regalis,Italy,"Regalis White Truffle Oil, 100ml",100ml,100,27.99,27.99,In Stock,,,748252025982,52658,https://delaurenti.com/regalis-white-truffle-oil-100ml-748252025982-52658/,https://cdn.powered-by-nitrosell.com/product_images/26/6472/thumb-Regalis_WhiteTruffleOil_02.jpg,"Regalis has been providing truffle delicacies to professional chefs and home cooks since 2012. This white truffle oil is made with estate-grown California extra virgin olive oil naturally infused with pungent Italian white winter truffles. It is perfect for finishing pasta, beef carpaccio or creamy mushroom soup."
Olive Oil,EVOO – 일반 (Extra Virgin Olive Oil),Sagra,Italy,"Sagra EVOO, 1L",1L,1000,29.99,3.0,In Stock,,,0417362111930,31876,https://delaurenti.com/sagra-evoo-1l-0417362111930-31876/,https://cdn.powered-by-nitrosell.com/product_images/26/6472/thumb-Sagra%20EVOO%201L%20Tin.jpg,"Sagra has been one of the work horse olive oils at our shop for many, many years. If price is on the X axis & quality on the Y, this oil still scores in the upper right corner. It is your skeleton key in the kitchen - great for sauteeing, frying, dressings, marinades, finishing, emulsions...you name it, this oil does it."
Olive Oil,EVOO – 일반 (Extra Virgin Olive Oil),Sagra,Italy,"Sagra EVOO, 3L",3L,3000,82.99,2.77,In Stock,,,041736012035,31875,https://delaurenti.com/sagra-evoo-3l-041736012035-31875/,https://cdn.powered-by-nitrosell.com/product_images/26/6472/thumb-Sagra%20EVOO%203L.jpg,"Sagra has been one of the work horse olive oils at our shop for many, many years. If price is on the X axis & quality on the Y, this oil still scores in the upper right corner. It is your skeleton key in the kitchen - great for sauteeing, frying, dressings, marinades, finishing, emulsions...you name it, this oil does it. Don't think you can go through a 3L tin? Just grab an empty bottle of wine that you enjoyed drinking, rinse it, fill it with the oil, insert a pouring spout and put the tin in the cool cupboard. Oil at the ready and you'll save some hard earned cash."
Olive Oil,EVOO – 일반 (Extra Virgin Olive Oil),Sagra,Italy,"Sagra EVOO, 750ml",750ml,750,25.99,3.47,In Stock,,,041736217195,39105,https://delaurenti.com/sagra-evoo-750ml-041736217195-39105/,https://cdn.powered-by-nitrosell.com/product_images/26/6472/thumb-Sagra%20EVOO%201L.jpg,"Sagra has been one of the work horse olive oils at our shop for many, many years. If price is on the X axis & quality on the Y, this oil still scores in the upper right corner. It is your skeleton key in the kitchen - great for sauteeing, frying, dressings, marinades, finishing, emulsions...you name it, this oil does it."
Olive Oil,EVOO – 일반 (Extra Virgin Olive Oil),Sclafani,Italy,"Sclafani EVOO, 1L",1L,1000,28.99,2.9,In Stock,,,080602011031,28933,https://delaurenti.com/sclafani-evoo-1l-080602011031-28933/,https://cdn.powered-by-nitrosell.com/product_images/26/6472/thumb-Sclafani%20EVOO%201L.jpg,"Sclafani products have been a staple at DeLaurenti for as long as anyone can remember. If we had a house brand, Sclafani would be it. Founded in 1911 by Gus Sclafani, it has been family owned and operated ever since. We have fancier, newer products, but none better. Their signature extra virgin olive oil is all quality and no pretense. Use it for everything and on everything. When you are out, get some more and repeat."
Olive Oil,EVOO – 일반 (Extra Virgin Olive Oil),Sclafani,Italy,"Sclafani EVOO, 2.25L",2.25L,2250,49.99,2.22,In Stock,,,080602021337,28941,https://delaurenti.com/sclafani-evoo-225l-080602021337-28941/,https://cdn.powered-by-nitrosell.com/product_images/26/6472/thumb-Sclafani%20EVOO%202.25L.jpg,"Sclafani products have been a staple at DeLaurenti for as long as anyone can remember. If we had a house brand, Sclafani would be it. Founded in 1911 by Gus Sclafani, it has been family owned and operated ever since. We have fancier, newer products, but none better. Their signature extra virgin olive oil is all quality and no pretense. Use it for everything and on everything. When you are out, get some more and repeat."
Olive Oil,EVOO – 일반 (Extra Virgin Olive Oil),Sclafani,Italy,"Sclafani EVOO, 500ml",500ml,500,17.99,3.6,Out of Stock,,,080602011208,28934,https://delaurenti.com/sclafani-evoo-500ml-080602011208-28934/,https://cdn.powered-by-nitrosell.com/product_images/26/6472/thumb-Sclafani%20EVOO%205000ml.jpg,"Sclafani products have been a staple at DeLaurenti for as long as anyone can remember. If we had a house brand, Sclafani would be it. Founded in 1911 by Gus Sclafani, it has been family owned and operated ever since. We have fancier, newer products, but none better. Their signature extra virgin olive oil is all quality and no pretense. Use it for everything and on everything. When you are out, get some more and repeat."
Olive Oil,EVOO – 일반 (Extra Virgin Olive Oil),Scalfani,Italy,"Sclafani Unfiltered Frantoio EVOO, 1L",1L,1000,29.99,3.0,Out of Stock,,,080602039202,28795,https://delaurenti.com/sclafani-unfiltered-frantoio-evoo-1l-080602039202-28795/,https://cdn.powered-by-nitrosell.com/product_images/26/6472/thumb-Sclafani%20Frantoio%20EVOO%201L.jpg,"Sclafani products have been a staple at DeLaurenti for as long as anyone can remember. If we had a house brand, Sclafani would be it. Founded in 1911 by Gus Sclafani, it has been family owned and operated ever since. We have fancier, newer products, but none better. You know what you're getting when you look at this oil through the clear glass: A green, unfiltered, raw elixir extracted from Frantoio olives. The result is an exceptional, flavorful oil that is great for dressings, drizzling and dipping."
Olive Oil,EVOO – 일반 (Extra Virgin Olive Oil),Sclafani,Italy,"Sclafani Unfiltered Frantoio EVOO, 3L",3L,3000,78.99,2.63,In Stock,,,080602021313,28940,https://delaurenti.com/sclafani-unfiltered-frantoio-evoo-3l-080602021313-28940/,https://cdn.powered-by-nitrosell.com/product_images/26/6472/thumb-Sclafani%20Frantoio%203L.jpg,"Sclafani products have been a staple at DeLaurenti for as long as anyone can remember. If we had a house brand, Sclafani would be it. Founded in 1911 by Gus Sclafani, it has been family owned and operated ever since. We have fancier, newer products, but none better. You know what you're getting when you look at this oil through the clear glass: A green, unfiltered, raw elixir extracted from Frantoio olives. The result is an exceptional, flavorful oil that is great for dressings, drizzling and dipping."
Olive Oil,올리오 누오보/새 수확 (Olio Nuovo / New Harvest),Tonda Iblea,Italy,"Spedalotto Tonda Iblea Olio Novello 1025, 500ml",500ml,500,54.99,11.0,Out of Stock,,This oil was an olive a mere 3 weeks ago!,793232440217,76873,https://delaurenti.com/spedalotto-tonda-iblea-olio-novello-1025-500ml-793232440217-76873/,https://cdn.powered-by-nitrosell.com/product_images/26/6472/thumb-Tonda%20Iblea%20Novello%202022%201.jpg,"Made with the famous Tonda Iblea olives of the Monti Iblei region in Sicily. This amazing oil has green, ripe flavors that are in perfect balance. It is soft with a fresh, green tomato aroma and fruity flavor, like a perfectly ripe late summer heirloom tomato. A delightful complexity is extracted from this single varietal olive, a result of the craftsmanship that goes into the cultivation of rich soil. Spedalotto Tonda Iblea’s approachable flavor profile is easy to love!"
Olive Oil,EVOO – 일반 (Extra Virgin Olive Oil),Tiger Brand,Italy,"Tiger Pure Olive Oil, 3L",3L,3000,78.99,2.63,In Stock,,,041736010116,26258,https://delaurenti.com/tiger-pure-olive-oil-3l-041736010116-26258/,https://cdn.powered-by-nitrosell.com/product_images/26/6472/thumb-Tiger_PureOliveOil_3L_02.jpg,"Made in Tuscany, this oil is golden, buttery and mellow. It's high smoking point and neutral flavor profile make it great for sauteing and cooking."
Olive Oil,EVOO – 일반 (Extra Virgin Olive Oil),Tiger Brand,Italy,"Tiger Pure Olive Oil, 500ml",500ml,500,16.99,3.4,In Stock,,,041736011007,25001,https://delaurenti.com/tiger-pure-olive-oil-500ml-041736011007-25001/,https://cdn.powered-by-nitrosell.com/product_images/26/6472/thumb-Tiger%20Pure%20500ml.jpg,"Made in Tuscany, this oil is golden, buttery and mellow. It's high smoking point and neutral flavor profile make it great for sauteing and cooking."
Olive Oil,EVOO – 일반 (Extra Virgin Olive Oil),Trampetti,Italy,"Trampetti EVOO, 500ml",500ml,500,52.99,10.6,In Stock,,,895466000349,33169,https://delaurenti.com/trampetti-evoo-500ml-895466000349-33169/,https://cdn.powered-by-nitrosell.com/product_images/26/6472/thumb-EVOO_Trampetti_03.jpg,"Founded over 100 years ago by Eugenio Trampetti, this 63 acre farm is located in Italy's Umbria region. During one of Italy's earliest harvests, these olives are hand-picked and pressed in less than 24 hours. The result is an oil low in acidity with flavors of freshly cut grass, fresh herbs and artichoke. Each label is harvest dated and foil-wrapped for freshness."
Olive Oil,향 첨가/인퓨즈드 (Flavored & Infused Olive Oils),Tutto Calabria,Italy,"Tutto Calabria Olio Santo Calabrian Chili Oil, 200mL",200mL,200,13.99,7.0,In Stock,,,8004694000379,39963,https://delaurenti.com/tutto-calabria-olio-santo-calabrian-chili-oil-200ml-8004694000379-39963/,https://cdn.powered-by-nitrosell.com/product_images/26/6472/thumb-Tutto%20Calabria%20Chili%20Oil%20Update.jpg,"Tutto Calabria is a 50-year old, family-run business that aims to share the wonderful flavors of their native Calabria (toe of the boot) with the rest of the world. This extra virgin olive oil is infused with the best hot Calabrian chilies, creating a spicy and fruity oil with a hint of smokiness. Great for cooking or seasoning, it pairs well with meat, fish, and vegetables, and can be used to add a hint of heat to soups, sandwiches, pizza, or pasta."
Olive Oil,EVOO – 일반 (Extra Virgin Olive Oil),Unio,Spain,"Unio Siurana Extra Virgin Olive Oil, 1L",1L,1000,42.99,4.3,In Stock,,,757410101055,28372,https://delaurenti.com/unio-siurana-extra-virgin-olive-oil-1l-757410101055-28372/,https://cdn.powered-by-nitrosell.com/product_images/26/6472/thumb-Unio%20EVOO%201L%20Tin.jpg,"This extra virgin olive oil hails from Siurana, in the Catalonia region of Spain. It is made according to exacting traditional standards and DOP certified. Petite, brown Arbequina olives give this oil its delicate, fruity flavor and its lightly peppery finish. This is a fantastic cooking oil, but it’s flavorful enough to enjoy as a dipping or finishing oil as well."
Olive Oil,"EVOO – 단일 산지/품종·DOP/IGP (Estate, Single-Cultivar, DOP/IGP)",,Morocco,"Villa Jerada Moroccan Extra Virgin Olive Oil, 500ml",500ml,500,35.99,7.2,In Stock,NEW,,647581747858,78235,https://delaurenti.com/villa-jerada-moroccan-extra-virgin-olive-oil-500ml-111400007744-78235/,https://cdn.powered-by-nitrosell.com/product_images/26/6472/thumb-Villa%20Jerada%20Moroccan%20evoo.jpg,"Villa Jerada's Extra Virgin Olive Oil is made from Moroccan Picholine olives grown on a single estate in the foothills of the Atlas Mountains.

They created this oil to mark Villa Jerada's 15th anniversary and to share something they've been searching for throughout their years of working with Moroccan producers: an exceptional olive oil that reflects the place, the people and the agricultural traditions they know and love.

The olives are hand-harvested from a farm certified for organic production and pressed in small batches to preserve their fresh, vibrant character. The farm also follows regenerative agricultural practices.

The result is an intensely fruity, green olive oil with fresh herbaceous notes, depth on the palate and a distinctly peppery finish. Moroccan Picholine is prized for its bright fruitiness and naturally high polyphenol content.

This is an oil for everyday use, not one to save for special occasions. Pour it over tomatoes, grilled vegetables, fish, eggs and salads. Dip warm bread into it. Finish a tagine, soup or grain bowl. Or simply taste it on its own.

From the olive groves of Morocco to your kitchen."
Olive Oil,EVOO – 일반 (Extra Virgin Olive Oil),Yiayia and friends,Greece,"Yiayia and Friends Extra Virgin Olive Oil, 16.9oz",16.9oz,500,46.99,9.4,In Stock,NEW,,5214001232017,78116,https://delaurenti.com/yiayia-and-friends-extra-virgin-olive-oil-169oz-5214001232017-78116/,https://cdn.powered-by-nitrosell.com/product_images/26/6472/thumb-Yiayia%20and%20friends.jpg,Only the finest Greek extra virgin olive oil from Crete is good enough for yiayia and her friends. Cold pressed to preserve its unique nutritional features and exceptional flavor. In a convenient 500 ml bottle that you can keep on your kitchen counter or table for everyday use.
