category,subtype,brand,place_of_origin,grape_variety,flavor_profile,milk,raw_or_pasteurized,name,size,size_ml,price_usd,price_per_100ml,availability,flags,tagline,sku,product_id,url,image,description
Antipasti,,,,,,,,Castelvetrano Olives,,,17.99,,In Stock,,Hand-portioned by our deli!,8010146001290,38482,https://delaurenti.com/castelvetrano-olives-8010146001290-38482/,https://cdn.powered-by-nitrosell.com/product_images/26/6472/thumb-Castel%20V%27s%20Bulk.jpg,"These vibrant green beauties are the best-selling olive in our antipasti case, and with good reason. Plump, juicy, and bursting with bright, buttery flavor, they make a perfect accompaniment to antipasti, tapas, or your next charcuterie board. Packed in brine and with their pits intact, they will satisfy any salty cravings while still feeling fresh, bright, and light."
Antipasti,,,,,,,,DeLaurenti House Mix Olives,,,17.99,,In Stock,,"Made in our kitchen - marinated in herbs, garlic & citrus",125300000001,56962,https://delaurenti.com/delaurenti-house-mix-olives-125300000001-56962/,https://cdn.powered-by-nitrosell.com/product_images/26/6472/thumb-House%20Mix%20Bulk%201%201.jpg,"Our House Olive Mix! Made in our kitchen, this is a delicious blend of country olives, marinated in a blend of herbs, garlic and citrus. Great for snacking and antipasti! Portioned by hand when you order it!"
Antipasti,,,,,,,,Lucques,,,25.99,,In Stock,,The best olive you've never had!,71307420064,53199,https://delaurenti.com/lucques-71307420064-53199/,https://cdn.powered-by-nitrosell.com/product_images/26/6472/thumb-Lucques%20Bulk.jpg,"The best olive you've never had. If you are one of the ones who has, then you know. Firm & buttery with just the right amount of acidity, this is the perfect snacking olive. Enjoy them out of the brine or drain the brine and lace them with your favorite olive oil, lemon zest & a sprig of herbs."
Antipasti,,,,,,,,Greek Mix Olives,,,16.99,,In Stock,,Hand-portioned by our deli!,10631723002414,32851,https://delaurenti.com/greek-mix-olives-10631723002414-32851/,https://cdn.powered-by-nitrosell.com/product_images/26/6472/thumb-Greek%20Mix%20Bulk.jpg,"A handpicked blend of Kalamata, Mount Athos, and Mount Pelion olives. They are packed in brine with their pits intact, and seasoned with oregano and bay leaves. A very popular olive mix, this blend offers a fun variety of olives, and the seasoning is pleasant without being overbearing. These go great with feta, aged cheddar, hummus, or peppery salame."
Antipasti,,,,,,,,Pitted Sicilian Olives,,,16.99,,In Stock,,,053800900049,34713,https://delaurenti.com/pitted-sicilian-olives-053800900049-34713/,https://cdn.powered-by-nitrosell.com/product_images/26/6472/thumb-Pitted%20Sicilian%20Bulk.jpg,"Kids can fit their little fingers in these babies and run around the house without the risk of poking themselves in the eye, you can use them in pasta, pizza, to make tapenade or drop in your Martini. Meaty, firm & mild, they are the skeleton key of olives."
Antipasti,,,,,,,,Moroccan Oil Cured Olives,,,16.99,,In Stock,,Hand-portioned by our deli!,125200000103,51149,https://delaurenti.com/moroccan-oil-cured-olives-125200000103-51149/,https://cdn.powered-by-nitrosell.com/product_images/26/6472/thumb-Morrocan%20Oil%20Cured.jpg,"These unique olives are packed with flavor! Ripe black olives from Morocco’s Atlas Mountains are first dry-cured in salt, which concentrates their flavor and reduces any bitter notes. Then, the salt is removed, and the olives are soaked in oil. The result is a deeply flavorful, briny olive. They are drier in texture than most olives, but they retain a decidedly buttery characteristic."
Antipasti,,,,,,,,Picholines with Preserved Lemon,,,16.99,,In Stock,,Hand portioned in our deli!,125399654435,73619,https://delaurenti.com/picholines-with-preserved-lemon-125399654435-73619/,https://cdn.powered-by-nitrosell.com/product_images/26/6472/thumb-Green%20Olive%20with%20Lemon.jpg,"Not all picholines are created equal. Villa Jerada sources great foods from Morocco & these olives are no exception. they are firm but creamy, with a wonderful citrus kick from the preserved lemon."
Antipasti,,,,,,,,DeLaurenti Artichoke Spread,,,18.99,,In Stock,,Made in the DeLaurenti Kitchen!,125300000007,48003,https://delaurenti.com/delaurenti-artichoke-spread-125300000007-48003/,https://cdn.powered-by-nitrosell.com/product_images/26/6472/thumb-Artichoke%20Spread%201.jpg,"Enjoying a no frills artichoke spread and appreciating the finer things are not mutually exclusive. Correct, this is not the fanciest thing you will find at our store, but it is still one of the best. If you bring it to a friend's house for an appetizer, be prepared to have them ask you to bring it again and again. It is best enjoyed with grilled bread that has some crunch, or with Macrina's Apricot Nut Crostini. Want to know what's in it? Buy our cookbook! Portioned by hand when you order it!"
Antipasti,,,,,,,,DeLaurenti Bomba Spread,,,24.99,,In Stock,,Made in the DeLaurenti Kitchen!,125300006658,72760,https://delaurenti.com/delaurenti-bomba-spread-125300006658-72760/,https://cdn.powered-by-nitrosell.com/product_images/26/6472/thumb-La%20Bomba.jpg,"As seen on our classic Misto sandwich! This house spread is a blend of roasted onions, Mama Lil's Pickled Peppers & some DeLaurenti kitchen care. The sweetness of the onions mellows the bite of the peppers, making it good to put on almost anything! Great with all things cured meats...sandwiches, pizza, crostini & even in pasta!"
Antipasti,,,,,,,,DeLaurenti House Pate,,,29.99,,In Stock,,Made in the DeLaurenti Kitchen!,125100000090,56963,https://delaurenti.com/delaurenti-house-pate-125100000090-56963/,https://cdn.powered-by-nitrosell.com/product_images/26/6472/thumb-House%20Pate%201.jpg,Our ultra smooth House Pate is back with a new recipe! A house favorite for years! Serve with cornichons and a crusty Macrina baguette. Portioned by hand when you order it!
Antipasti,,,,,,,,DeLaurenti Hummus,,,14.99,,In Stock,,,125300000004,56966,https://delaurenti.com/delaurenti-hummus-125300000004-56966/,https://cdn.powered-by-nitrosell.com/product_images/26/6472/thumb-Hummus%201.jpg,"Our housemade Hummus - better than any mass produced grocery store brand, and a lot easier than making it yourself! We use Rancho Gordo garbanzo beans, tahini, lemon juice, garlic, and olive oil. Serve with raw or grilled vegetables, crostini, or with grilled chicken, tzatziki sauce, pita, cucumbers and tomatoes. Portioned by hand when you order it!"
Antipasti,,,,,,,,DeLaurenti Salmon Spread,,,27.99,,In Stock,,Made in the DeLaurenti Kitchen!,125300000010,56967,https://delaurenti.com/delaurenti-salmon-spread-125300000010-56967/,https://cdn.powered-by-nitrosell.com/product_images/26/6472/thumb-Salmon%20Spread%201.jpg,"Our housemade salmon spread! Made with smoked coho salmon collars, crème fraiche, cream cheese, and chives. Great on a breakfast bagel or served with crackers for an appetizer. Portioned by hand when you order it!"
Antipasti,,,,,,,,DeLaurenti Toum,,,22.99,,In Stock,,Made in the DeLaurenti kitchen!,125300006547,76468,https://delaurenti.com/delaurenti-toum-125300006547-76468/,https://cdn.powered-by-nitrosell.com/product_images/26/6472/thumb-DeLa-Breeze%201.jpg,"Our housemade Lebanese style whipped garlic spread. Toum is the perfect marriage between garlic and lemon juice. Traditionally served with grilled meats and kebabs, this spread also works well on any sandwich, roasted vegetables, and even fast & easy garlic bread!"
Antipasti,,,,,,,,Incontro 'Nduja,,,39.99,,In Stock,,"This spread highlights the creamy, rich flavor of the Mangalitsa hogs",125100003299,73176,https://delaurenti.com/incontro-nduja-125100003299-73176/,https://cdn.powered-by-nitrosell.com/product_images/26/6472/thumb-Nduja.jpg,"Founded by Nebraska-based Tony Incontro in 2018, Incontro Cured is firmly committed to preserving and sharing the most authentic and age-old products mother nature allows. They work with the one true premium breed of pig: The Noble Mangalitsa. Sourcing exclusively from a single farm, they craft small batches to guarantee unmatched quality. Pronounced - (in-DOOJ-ah), this is the undisputed salumi champion from Calabria, Italy. Made with 100% Mangalitsa derived from the belly and shoulder meat, it is a spreadable, spicy/smoky salame. Naturally smoked and robust in color, it has the perfect balance of spice & sweetness. 'Nduja is the perfect salame to highlight the wonderful complexities of 100% grown Peperoncino di Calabria. Spread it on crostini, dot on your pizza or incorporate it into anything you would like to taste better!"
Antipasti,,,,,,,,Mamnoon Baba Ghanoush,,,22.99,,In Stock,,Amazing spread from the Seattle institution!,702685058221,68359,https://delaurenti.com/mamnoon-baba-ghanoush-702685058221-68359/,https://cdn.powered-by-nitrosell.com/product_images/26/6472/thumb-Babaganoush.jpg,"Mamnoon on Capital Hill is one of the best spots in the city. The flavors and the atmosphere are totally unique in Seattle. So too is their Baba Ganoush. Made with smoked eggplant, tahini & garlic, it's intense smoky flavor makes for a great sauce for grilled meats of all kinds."
Antipasti,,,,,,,,DeLaurenti Housemade Meatballs,,,20.0,,In Stock,,Made in the DeLaurenti Kitchen!,111290000056,65194,https://delaurenti.com/delaurenti-housemade-meatballs-w-sauce-6-111290000056-65194/,https://cdn.powered-by-nitrosell.com/product_images/26/6472/thumb-Meatballs%20Sauce%20Cheese%20%26%20Herbs.jpg,"Ok, these are the real deal - created and produced in the comfort of our kitchen upstairs at the store. Approximately 6 meatballs per pound, FULLY COOKED and ready to go! Your only job is choosing the number of meatballs & deciding whether you want them lightly covered in sauce or plain. Want more than twelve? Just choose the number, a quantity & multiply it! Ie: 12 meatballs, qty of 2 = 24 meatballs! Want them swimming in sauce instead of just covered? Order more DeLaurenti Marinara to go with it!

As an ode to Nate's Nonna, we love to serve 3 meatballs in a bowl with red sauce, Reggiano & a piece of grilled bread. This was the only thing that would keep him and his cousins from tearing the house apart. They lined up and were dispensed a sampler meatball in sauce and a piece of bread for dipping. Receiving it was committing to good behavior. They are great served as such, piled into a soft roll, or, of course combined with some marinara & tossed with spaghetti! If you would like, we include enough sauce to cover. You might want to order another container of marinara!"
Antipasti,,,,,,,,DeLaurenti Smoked Trout Spread,,,25.99,,In Stock,,,125300006652,72758,https://delaurenti.com/delaurenti-smoked-trout-spread-125300006652-72758/,https://cdn.powered-by-nitrosell.com/product_images/26/6472/thumb-Trout%20Dip.jpg,"Take your fish spread game to the next level with this smoked trout spread! Start with delicately smoked Girard & Dominque trout, add a combination of Farmer's Cheese, sour cream, garlic, herbs & lemon. Just add crostini or crunchy crackers!"
Antipasti,,,,,,,,Grilled Artichokes with Stems,,,23.99,,In Stock,,Edible stems free of charge!,125300006754,73373,https://delaurenti.com/grilled-artichokes-with-stems-125300006754-73373/,https://cdn.powered-by-nitrosell.com/product_images/26/6472/thumb-Artichokes%20Long%20Stem.jpg,"Grown, picked, grilled and marinated in Italy and sent right to your doorstep. Enjoy them as an 'artichoke pop' or let them provide some dramatic presentation on your next antipasti spread! We know what you're thinking...those things look good, but they have to be fibery and tough like every other artichoke with a stem that I've ever eaten. Think again...they are super tender and they taste just like they look...really good!"
Antipasti,,,,,,,,Mamnoon Muhammara,,,22.99,,In Stock,,Amazing spread from the Seattle institution!,702685058239,70972,https://delaurenti.com/mamnoon-muhammara-702685058239-70972/,https://cdn.powered-by-nitrosell.com/product_images/26/6472/thumb-Muhammara.jpg,"Mamnoon on Capital Hill is one of the best spots in the city. The flavors and the atmosphere are totally unique in Seattle. Speaking of unique...Muhammara. If you aren't familiar, this is a spread made from walnuts, pepper paste, cumin, pomegranate molasses & bread crumbs. With all it has going on, it is best enjoyed simply with warm pita!"
Antipasti,,,,,,,,DeLaurenti Cherry Peppers with Cheese,,,19.99,,In Stock,,,125300006659,72761,https://delaurenti.com/delaurenti-cherry-peppers-with-cheese-125300006659-72761/,https://cdn.powered-by-nitrosell.com/product_images/26/6472/thumb-Peppers%20%26%20Cheese.jpg,"The other peppers in the antipasti case! Red hot(ish) Calabrian chili peppers are stuffed with cheese, so you don't have to! Add vibrant color to your antipasti spread or your picnic. No need to think about how to use them, just eat them!"
Antipasti,,,,,,,,DeLaurenti Dolmas,,,3.0,,In Stock,,The DeLaurenti Antipasti Case Classic,125100024176,66144,https://delaurenti.com/delaurenti-dolmas-125100024176-66144/,https://cdn.powered-by-nitrosell.com/product_images/26/6472/thumb-Dolmas%201.jpg,"The DeLaurenti antipasti case classic! Perhaps the best deal in the Market for a quick snack or as an addition to your antipasti spread. What are they? Good question: Tender grape leaves stuffed with rice, sauteed onions & herbs. Bite size and made for walking & eating!"
Antipasti,,,,,,,,DeLaurenti Gigandes,,,11.99,,In Stock,,"Creamy, marinated white beans",125300000003,56965,https://delaurenti.com/delaurenti-gigandes-125300000003-56965/,https://cdn.powered-by-nitrosell.com/product_images/26/6472/thumb-Gigandes%201.jpg,"These beans have been a deli favorite for years. Meaty, but creamy in texture, they are marinated in oil & vinegar and combined with ribbons of sweet peppers. Great as an addition to your antipasti platter, on a salad or right out of the container!"
Antipasti,,,,,,,,DeLaurenti Marinated Eggplant,,,21.99,,In Stock,,Made in the DeLaurenti Kitchen!,125300002255,72754,https://delaurenti.com/delaurenti-marinated-eggplant-125300002255-72754/,https://cdn.powered-by-nitrosell.com/product_images/26/6472/thumb-Eggplant.jpg,"As seen in our antipasti case! Fresh market eggplant is sliced thick, roasted & marinated in a combination of olive oil, wine vinegar, garlic & herbs. Great enjoyed as-is alongside the rest of your antipasti spread, on a salad, pizza or a sandwich!"
Antipasti,,,,,,,,DeLaurenti Peperonata,,,17.99,,In Stock,,Made in the DeLaurenti Kitchen!,125300002254,66143,https://delaurenti.com/delaurenti-peperonata-125300002254-66143/,https://cdn.powered-by-nitrosell.com/product_images/26/6472/thumb-Peperanata%201.jpg,"If you have these in your fridge, you have options. Made in our kitchen upstairs, these are handcut strips of whole sweet red & yellow peppers are marinated in oil/vinegar, garlic, herbs & spices. Not spicy, just delicious. They are great alongside cured meats, on a sausage or tuna sandwich or on pizza. Why do it yourself when we've already done it for you?"
Antipasti,,,,,,,,DeLaurenti Pepper Delights,,,22.99,,In Stock,,,125300000038,48005,https://delaurenti.com/delaurenti-pepper-delights-125300000038-48005/,https://cdn.powered-by-nitrosell.com/product_images/26/6472/thumb-Cherry%20Peppers%201.jpg,"These pepper shooters have been a DeLaurenti favorite for many years, attracting people from far and wide to come to our store to get their fix. They are crunchy, not too spicy green cherry peppers stuffed with prosciutto and provolone. Quarter or half them and add them to your antipasto tray, or eat them whole right from the container! There are approximately 10 to 12 peppers per pound."
Antipasti,,,,,,,,DeLaurenti Pickled Red Onions,,,16.99,,In Stock,,Made in the DeLaurenti Kitchen!,125300001000,57584,https://delaurenti.com/delaurenti-pickled-red-onions-125300001000-57584/,https://cdn.powered-by-nitrosell.com/product_images/26/6472/thumb-Pickled%20Red%20Onions.jpg,"Made upstairs in our kitchen, these sweet & sour onions are the perfect accompaniment to everything from pate to tuna carpaccio or tuna salad!"
Antipasti,,,,,,,,DeLaurenti Roasted Garlic,,,21.99,,In Stock,,Made in the DeLaurenti Kitchen!,125300006548,72755,https://delaurenti.com/delaurenti-roasted-garlic-125300006548-72755/,https://cdn.powered-by-nitrosell.com/product_images/26/6472/thumb-Roasted%20Garlic.jpg,"Roasting garlic is easy, but let's face it, it's a LOT better when someone does it for you! Well, we have so you can stop thinking to yourself that you already should have. Your just a few clicks away from having freshely roasted garlic on your next pizza, smeared on crostini & folded into your mayo for roasted garlic aoli!"
Antipasti,,,,,,,,DeLaurenti Roasted Tomatoes,,,15.99,,In Stock,,,125300006653,72759,https://delaurenti.com/delaurenti-roasted-tomatoes-125300006653-72759/,https://cdn.powered-by-nitrosell.com/product_images/26/6472/thumb-Roasted%20Tomatoes.jpg,"Pound for pound one of the most flavorful items in our case! Bright red roasted & marinated tomatoes add a splash of color and flavor to your antipasti spread, or complete your pizza or panini vision. So many uses! One of the most versitile ingredients in the shop!"
Antipasti,,,,,,,,"Seattle Caviar Paddlefish, 1oz",1oz,30,45.99,155.51,Out of Stock,,,100000656645,40497,https://delaurenti.com/seattle-caviar-paddlefish-1oz-100000656645-40497/,https://cdn.powered-by-nitrosell.com/product_images/26/6472/thumb-Paddlefish.jpg,"Seattle natives, Dale and Betsy Sherrow developed a love and appreciation for caviar through European travel and opened the Seattle Caviar Company in 1990. We are lucky that they do all the hard work of finding the best caviar & hand delivering it to the shop...all we have to do is call & enjoy eating it! Paddlefish, species polydon spathula, is found in the Yellowstone River and throughout the Mississippi River system. This prehistoric species produces a natural caviar and is very similar in appearance to Caspian Sevruga. It has a mild flavor and a medium bead size."
Antipasti,,,,,,,,"Seattle Caviar Ikura, 2oz",2oz,59,25.99,43.94,In Stock,,,100000055888,40558,https://delaurenti.com/seattle-caviar-ikura-2oz-100000055888-40558/,https://cdn.powered-by-nitrosell.com/product_images/26/6472/thumb-Ikura.jpg,"Seattle natives, Dale and Betsy Sherrow developed a love and appreciation for caviar through European travel and opened the Seattle Caviar Company in 1990. We are lucky that they do all the hard work of finding the best caviar & hand delivering it to the shop...all we have to do is call & enjoy eating it! Chum Salmon are specifically prized for its roe and Salmon Caviar is often referred to as ""Ikura"" the Japanese term for caviar."
Antipasti,,,,,,,,Bahia de la Concha White Boquerones,,,35.99,,In Stock,,Marinated boquerones from Basque Country,8425902201126,76025,https://delaurenti.com/bahia-de-la-concha-white-boquerones-8425902201126-76025/,https://cdn.powered-by-nitrosell.com/product_images/26/6472/thumb-Boquerones%20Bulk.jpg,"Bahia de la Concha is renowned worldwide for the quality of their semi-preserved white anchovies. Also known as ""Boquerones"" Bahia de la Concha's extra large, plump, hand filtered white anchovies are preserved in white wine vinegar, sunflower oil, garlic and parsley. These umami-rich fish are freshly caught from the Cantabrian Sea in Northern Spain, then filleted and packed by hand. Unctuous, sweet, and bright, add them to your next charcuterie board or have as a mid-day snack over some crusty bread with nduja."
Antipasti,,,,,,,,"Bottarga, 100g to 130g",100g,,49.99,,In Stock,,Sardinian Dried Mullet Roe,125700000056,53140,https://delaurenti.com/bottarga-100g-to-130g-125700000056-53140/,https://cdn.powered-by-nitrosell.com/product_images/26/6472/thumb-Bottarga%20Blue%20Marlin.jpg,"Bottarga is a delicious product derived from mullet roe. It is extracted, salted and air-dried naturally, using traditional Sardinian methods. Referred to as Italian Caviar, this fish roe is extracted with its membrane still intact, is lightly pressed, and cured and dried in the sun. Strictly from Sardinia region this Bottarga is semi-dried for a better consistency and is best enjoyed grated over pasta dishes, eggs or grilled bread."
Antipasti,,,,,,,,"Rougie Duck Foie Gras, 80g",80g,,39.99,,In Stock,,,079343006031,55270,https://delaurenti.com/rougie-duck-foie-gras-80g-079343006031-55270/,https://cdn.powered-by-nitrosell.com/product_images/26/6472/thumb-Rougie%20Duck%20Foie%20Gras.jpg,"Dedicated to sustainable family farming, Rougie produces some of the highest quality foie gras in the world by fostering a stress-free environment and closely supervising each step of the growing process. Fully cooked and ready to eat, this foie gras is buttery, smooth, and ultra-rich. To fully enjoy its full flavor, keep things simple. Warm up a knife in hot water and cut half-inch-thick slices. Place the slices on toasted baguette and add fleur de sel and black pepper to taste. Pour a glass of Sauternes and enjoy!"
Antipasti,,,,,,,,Rougie Mousse Royale,,,26.99,,In Stock,,,079343005850,55023,https://delaurenti.com/rougie-mousse-royale-079343005850-55023/,https://cdn.powered-by-nitrosell.com/product_images/26/6472/thumb-Rougie%20Mousse%20Royal%203pk.jpg,"Rougie selects only the best foie gras of 100% corn-fed duck liver. This 100% whole duck foie gras parfait makes for a completely ready-to-eat delicacy. Rougie prepares this delicate, melting foie gras mousse through the processing of high-quality lobes of Duck Foie Gras with milk cream, egg foam, a drop of Port Wine, and spices. The stunningly delicate texture and unique flavor allows it to be used as an ideal ingredient for salads, sandwiches, and as a stand-alone dish."
